Row Id.,S_CODE,S_CITY,E_CODE,E_CITY,VACATION_No,VACATION_Yes,SW_No,SW_Yes,SLOT_Controlled,SLOT_Free,GATE_Constrained,GATE_Free,COUPON,NEW,HI,S_INCOME,E_INCOME,S_POP,E_POP,DISTANCE,PAX,FARE
1,*,Dallas/Fort Worth   TX,*,Amarillo            TX,1,0,0,1,0,1,0,1,1,3,5291.991341,"$28,637.00","$21,112.00",3036732,205711,312,7864,$64.11
2,*,Atlanta             GA,*,Baltimore/Wash Intl MD,1,0,1,0,0,1,0,1,1.06,3,5419.160907,"$26,993.00","$29,838.00",3532657,7145897,576,8820,$174.47
3,*,Boston              MA,*,Baltimore/Wash Intl MD,1,0,1,0,0,1,0,1,1.06,3,9185.283234,"$30,124.00","$29,838.00",5787293,7145897,364,6452,$207.76
4,ORD,Chicago             IL,*,Baltimore/Wash Intl MD,1,0,0,1,1,0,0,1,1.06,3,2657.351987,"$29,260.00","$29,838.00",7830332,7145897,612,25144,$85.47
5,MDW,Chicago             IL,*,Baltimore/Wash Intl MD,1,0,0,1,0,1,0,1,1.06,3,2657.351987,"$29,260.00","$29,838.00",7830332,7145897,612,25144,$85.47
6,*,Cleveland           OH,*,Baltimore/Wash Intl MD,1,0,0,1,0,1,0,1,1.01,3,3408.105751,"$26,046.00","$29,838.00",2230955,7145897,309,13386,$56.76
7,*,Dallas/Fort Worth   TX,*,Baltimore/Wash Intl MD,1,0,1,0,0,1,0,1,1.28,3,6754.479432,"$28,637.00","$29,838.00",3036732,7145897,1220,4625,$228.00
8,*,Fort Lauderdale     FL,*,Baltimore/Wash Intl MD,0,1,0,1,0,1,0,1,1.15,3,5583.996941,"$26,752.00","$29,838.00",1440377,7145897,921,5512,$116.54
9,*,Houston             TX,*,Baltimore/Wash Intl MD,1,0,0,1,0,1,0,1,1.33,3,4662.438028,"$27,211.00","$29,838.00",3770125,7145897,1249,7811,$172.63
10,*,Kansas City         MO,*,Baltimore/Wash Intl MD,1,0,0,1,0,1,0,1,1.6,2,2616.998033,"$25,450.00","$29,838.00",1694803,7145897,964,4657,$114.76
11,*,Las Vegas           NV,*,Baltimore/Wash Intl MD,0,1,0,1,0,1,0,1,1.57,3,1772.5904,"$24,575.00","$29,838.00",1197234,7145897,2104,4489,$158.20
12,*,Los Angeles         CA,*,Baltimore/Wash Intl MD,1,0,0,1,0,1,0,1,1.5,1,3932.291385,"$24,706.00","$29,838.00",9056076,7145897,2329,7349,$228.99
13,*,Nashville           TN,*,Baltimore/Wash Intl MD,1,0,0,1,0,1,0,1,1.12,3,4471.62048,"$25,995.00","$29,838.00",1115048,7145897,587,5654,$79.17
14,*,New Orleans         LA,*,Baltimore/Wash Intl MD,1,0,0,1,0,1,0,1,1.29,3,4356.11849,"$22,038.00","$29,838.00",1308499,7145897,992,3525,$132.05
15,JFK,New York/Newark     NY,*,Baltimore/Wash Intl MD,1,0,1,0,1,0,0,1,1,3,2626.895927,"$32,991.00","$29,838.00",8621121,7145897,181,7171,$117.23
16,LGA,New York/Newark     NY,*,Baltimore/Wash Intl MD,1,0,1,0,1,0,0,1,1,3,2626.895927,"$32,991.00","$29,838.00",8621121,7145897,181,7171,$117.23
17,EWR,New York/Newark     NY,*,Baltimore/Wash Intl MD,1,0,1,0,0,1,1,0,1,3,2626.895927,"$32,991.00","$29,838.00",8621121,7145897,181,7171,$117.23
18,*,Orlando             FL,*,Baltimore/Wash Intl MD,0,1,0,1,0,1,0,1,1.13,3,5706.759269,"$22,360.00","$29,838.00",1421287,7145897,788,11013,$106.11
19,*,Phoenix             AZ,*,Baltimore/Wash Intl MD,1,0,0,1,0,1,0,1,1.86,3,1230.48384,"$23,025.00","$29,838.00",2753373,7145897,2001,4408,$181.16
20,*,Salt Lake City      UT,*,Baltimore/Wash Intl MD,1,0,0,1,0,1,0,1,1.93,3,2000.669813,"$21,121.00","$29,838.00",1228816,7145897,1866,2767,$157.50
21,*,San Diego           CA,*,Baltimore/Wash Intl MD,1,0,0,1,0,1,0,1,1.87,3,1572.931639,"$23,903.00","$29,838.00",2673620,7145897,2290,3170,$200.20
22,*,San Francisco       CA,*,Baltimore/Wash Intl MD,1,0,1,0,0,1,0,1,1.52,3,2967.591593,"$38,813.00","$29,838.00",1653017,7145897,2454,6417,$246.85
23,*,St Louis            MO,*,Baltimore/Wash Intl MD,1,0,0,1,0,1,0,1,1.14,3,4191.241228,"$25,824.00","$29,838.00",2549844,7145897,729,10264,$99.70
24,*,Tampa               FL,*,Baltimore/Wash Intl MD,0,1,0,1,0,1,0,1,1.13,3,5201.338349,"$23,654.00","$29,838.00",2195215,7145897,846,7082,$106.77
25,ORD,Chicago             IL,*,Birmingham          AL,1,0,0,1,1,0,0,1,1.16,3,3627.461424,"$29,260.00","$23,858.00",7830332,895414,576,4138,$113.50
26,MDW,Chicago             IL,*,Birmingham          AL,1,0,0,1,0,1,0,1,1.16,3,3627.461424,"$29,260.00","$23,858.00",7830332,895414,576,4138,$113.50
27,*,Seattle/Tacoma      WA,*,Boise               ID,1,0,0,1,0,1,0,1,1.07,3,5255.235449,"$30,916.00","$23,901.00",2230831,372606,403,5995,$69.12
28,*,Atlanta             GA,*,Boston              MA,1,0,1,0,0,1,0,1,1.25,3,5736.335021,"$26,993.00","$30,124.00",3532657,5787293,939,14005,$210.00
29,JFK,New York/Newark     NY,*,Buffalo             NY,1,0,1,0,1,0,0,1,1.01,3,4040.093943,"$32,991.00","$23,184.00",8621121,1173217,291,12432,$134.30
30,LGA,New York/Newark     NY,*,Buffalo             NY,1,0,1,0,1,0,0,1,1.01,3,4040.093943,"$32,991.00","$23,184.00",8621121,1173217,291,12432,$134.30
31,EWR,New York/Newark     NY,*,Buffalo             NY,1,0,1,0,0,1,1,0,1.01,3,4040.093943,"$32,991.00","$23,184.00",8621121,1173217,291,12432,$134.30
32,JFK,New York/Newark     NY,*,Charleston          SC,1,0,1,0,1,0,0,1,1.34,0,2587.886458,"$32,991.00","$18,851.00",8621121,254153,637,6003,$118.95
33,LGA,New York/Newark     NY,*,Charleston          SC,1,0,1,0,1,0,0,1,1.34,3,2587.886458,"$32,991.00","$18,851.00",8621121,254153,637,6003,$118.95
34,EWR,New York/Newark     NY,*,Charleston          SC,1,0,1,0,0,1,1,0,1.34,1,2587.886458,"$32,991.00","$18,851.00",8621121,254153,637,6003,$118.95
35,*,Atlanta             GA,*,Charlotte           NC,1,0,1,0,0,1,1,0,1.01,3,4435.920971,"$26,993.00","$25,237.00",3532657,1318892,227,7335,$97.96
36,*,Boston              MA,*,Charlotte           NC,1,0,1,0,0,1,1,0,1.25,3,8589.167342,"$30,124.00","$25,237.00",5787293,1318892,722,3263,$237.80
37,ORD,Chicago             IL,*,Charlotte           NC,1,0,1,0,1,0,1,0,1.16,3,4523.314188,"$29,260.00","$25,237.00",7830332,1318892,589,5153,$234.15
38,MDW,Chicago             IL,*,Charlotte           NC,1,0,1,0,0,1,1,0,1.16,3,4523.314188,"$29,260.00","$25,237.00",7830332,1318892,589,5153,$234.15
39,*,Dallas/Fort Worth   TX,*,Charlotte           NC,1,0,1,0,0,1,1,0,1.14,3,4439.862612,"$28,637.00","$25,237.00",3036732,1318892,940,4493,$203.17
40,JFK,New York/Newark     NY,*,Charlotte           NC,1,0,1,0,1,0,1,0,1.12,3,8714.026298,"$32,991.00","$25,237.00",8621121,1318892,539,9305,$250.73
41,LGA,New York/Newark     NY,*,Charlotte           NC,1,0,1,0,1,0,1,0,1.12,3,8714.026298,"$32,991.00","$25,237.00",8621121,1318892,539,9305,$250.73
42,EWR,New York/Newark     NY,*,Charlotte           NC,1,0,1,0,0,1,1,0,1.12,3,8714.026298,"$32,991.00","$25,237.00",8621121,1318892,539,9305,$250.73
43,*,Atlanta             GA,ORD,Chicago             IL,1,0,1,0,1,0,0,1,1.04,3,2712.373604,"$26,993.00","$29,260.00",3532657,7830332,595,30877,$106.60
44,*,Atlanta             GA,MDW,Chicago             IL,1,0,1,0,0,1,0,1,1.04,3,2712.373604,"$26,993.00","$29,260.00",3532657,7830332,595,30877,$106.60
45,*,Austin              TX,ORD,Chicago             IL,1,0,0,1,1,0,0,1,1.25,3,4417.156661,"$23,665.00","$29,260.00",1038660,7830332,974,4980,$136.27
46,*,Austin              TX,MDW,Chicago             IL,1,0,0,1,0,1,0,1,1.25,3,4417.156661,"$23,665.00","$29,260.00",1038660,7830332,974,4980,$136.27
47,*,Boston              MA,ORD,Chicago             IL,1,0,1,0,1,0,0,1,1.15,1,3977.225847,"$30,124.00","$29,260.00",5787293,7830332,854,20718,$230.87
48,*,Boston              MA,MDW,Chicago             IL,1,0,1,0,0,1,0,1,1.15,3,3977.225847,"$30,124.00","$29,260.00",5787293,7830332,854,20718,$230.87
49,*,Cincinnati          OH,ORD,Chicago             IL,1,0,1,0,1,0,1,0,1.01,3,3910.806542,"$25,059.00","$29,260.00",1595139,7830332,254,7069,$180.56
50,*,Cincinnati          OH,MDW,Chicago             IL,1,0,1,0,0,1,1,0,1.01,0,3910.806542,"$25,059.00","$29,260.00",1595139,7830332,254,7069,$180.56
51,*,Atlanta             GA,*,Cincinnati          OH,1,0,1,0,0,1,1,0,1.16,3,9350.126412,"$26,993.00","$25,059.00",3532657,1595139,371,3892,$215.83
52,*,Atlanta             GA,*,Cleveland           OH,1,0,1,0,0,1,0,1,1.12,3,4478.867091,"$26,993.00","$26,046.00",3532657,2915745,561,4821,$197.10
53,ORD,Chicago             IL,*,Cleveland           OH,1,0,0,1,1,0,0,1,1.01,3,2800.90554,"$29,260.00","$26,046.00",7830332,2915745,316,24405,$69.10
54,MDW,Chicago             IL,*,Cleveland           OH,1,0,0,1,0,1,0,1,1.01,1,2800.90554,"$29,260.00","$26,046.00",7830332,2915745,316,24405,$69.10
55,*,Dallas/Fort Worth   TX,*,Colorado Springs    CO,1,0,1,0,0,1,0,1,1.06,3,5110.53773,"$28,637.00","$22,263.00",3036732,472254,592,6098,$91.83
56,*,Houston             TX,*,Colorado Springs    CO,1,0,1,0,0,1,0,1,1.19,3,4037.088979,"$27,211.00","$22,263.00",3770125,472254,817,4281,$111.66
57,*,Las Vegas           NV,*,Colorado Springs    CO,0,1,1,0,0,1,0,1,1.16,3,3465.136552,"$24,575.00","$22,263.00",1197234,472254,602,8810,$57.62
58,*,Los Angeles         CA,*,Colorado Springs    CO,1,0,1,0,0,1,0,1,1.36,3,4384.631971,"$24,706.00","$22,263.00",9056076,472254,833,5762,$104.72
59,JFK,New York/Newark     NY,*,Colorado Springs    CO,1,0,1,0,1,0,0,1,1.36,3,2421.039215,"$32,991.00","$22,263.00",8621121,472254,1636,5185,$154.74
60,LGA,New York/Newark     NY,*,Colorado Springs    CO,1,0,1,0,1,0,0,1,1.36,3,2421.039215,"$32,991.00","$22,263.00",8621121,472254,1636,5185,$154.74
61,EWR,New York/Newark     NY,*,Colorado Springs    CO,1,0,1,0,0,1,1,0,1.36,3,2421.039215,"$32,991.00","$22,263.00",8621121,472254,1636,5185,$154.74
62,*,Phoenix             AZ,*,Colorado Springs    CO,1,0,1,0,0,1,0,1,1.09,3,4351.313269,"$23,025.00","$22,263.00",2753373,472254,550,7599,$77.98
63,IAD,Washington          DC,*,Colorado Springs    CO,1,0,1,0,0,1,0,1,1.68,3,2661.534147,"$31,981.00","$22,263.00",4549784,472254,1476,4945,$157.20
64,DCA,Washington          DC,*,Colorado Springs    CO,1,0,1,0,1,0,0,1,1.68,3,2661.534147,"$31,981.00","$22,263.00",4549784,472254,1476,4945,$157.20
65,*,Atlanta             GA,*,Columbus            OH,1,0,1,0,0,1,0,1,1.13,3,5356.506862,"$26,993.00","$24,502.00",3532657,1442203,445,6075,$113.20
66,*,Boston              MA,*,Columbus            OH,1,0,1,0,0,1,0,1,1.22,3,3789.64015,"$30,124.00","$24,502.00",5787293,1442203,633,4758,$143.59
67,ORD,Chicago             IL,*,Columbus            OH,1,0,0,1,1,0,0,1,1.01,3,2668.203414,"$29,260.00","$24,502.00",7830332,1442203,286,14516,$75.07
68,MDW,Chicago             IL,*,Columbus            OH,1,0,0,1,0,1,0,1,1.01,0,2668.203414,"$29,260.00","$24,502.00",7830332,1442203,286,14516,$75.07
69,*,Albuquerque         NM,*,Dallas/Fort Worth   TX,1,0,0,1,0,1,0,1,1.02,3,5222.299347,"$22,089.00","$28,637.00",668159,3036732,573,10941,$84.46
70,*,Atlanta             GA,*,Dallas/Fort Worth   TX,1,0,1,0,0,1,0,1,1.05,3,4624.896004,"$26,993.00","$28,637.00",3532657,3036732,734,23075,$113.99
71,*,Austin              TX,*,Dallas/Fort Worth   TX,1,0,0,1,0,1,0,1,1,3,5502.333763,"$23,665.00","$28,637.00",1038660,3036732,184,18843,$67.17
72,*,Boston              MA,*,Dallas/Fort Worth   TX,1,0,1,0,0,1,0,1,1.19,3,5605.055738,"$30,124.00","$28,637.00",5787293,3036732,1559,8756,$320.37
73,ORD,Chicago             IL,*,Dallas/Fort Worth   TX,1,0,1,0,1,0,0,1,1.14,3,6205.96649,"$29,260.00","$28,637.00",7830332,3036732,805,20264,$244.50
74,MDW,Chicago             IL,*,Dallas/Fort Worth   TX,1,0,1,0,0,1,0,1,1.14,3,6205.96649,"$29,260.00","$28,637.00",7830332,3036732,805,20264,$244.50
75,*,Corpus Christi      TX,*,Dallas/Fort Worth   TX,1,0,0,1,0,1,0,1,1.02,3,4386.552721,"$18,933.00","$28,637.00",382155,3036732,354,5391,$78.62
76,*,Atlanta             GA,*,Denver              CO,1,0,1,0,0,1,0,1,1.23,3,4202.658977,"$26,993.00","$29,055.00",3532657,1862106,1200,7621,$210.90
77,*,Boston              MA,*,Denver              CO,1,0,1,0,0,1,0,1,1.35,3,6140.914486,"$30,124.00","$29,055.00",5787293,1862106,1755,5820,$311.46
78,ORD,Chicago             IL,*,Denver              CO,1,0,1,0,1,0,0,1,1.08,3,5792.282889,"$29,260.00","$29,055.00",7830332,1862106,902,16263,$174.06
79,MDW,Chicago             IL,*,Denver              CO,1,0,1,0,0,1,0,1,1.08,3,5792.282889,"$29,260.00","$29,055.00",7830332,1862106,902,16263,$174.06
80,*,Dallas/Fort Worth   TX,*,Denver              CO,1,0,1,0,0,1,0,1,1.06,3,4157.610917,"$28,637.00","$29,055.00",3036732,1862106,638,11298,$155.81
81,*,Atlanta             GA,*,Detroit             MI,1,0,1,0,0,1,1,0,1.05,3,4312.946371,"$26,993.00","$26,506.00",3532657,4459144,600,12752,$106.56
82,*,Boston              MA,*,Detroit             MI,1,0,1,0,0,1,1,0,1.06,3,8162.766577,"$30,124.00","$26,506.00",5787293,4459144,616,10358,$110.42
83,ORD,Chicago             IL,*,Detroit             MI,1,0,0,1,1,0,1,0,1,3,3059.779377,"$29,260.00","$26,506.00",7830332,4459144,237,34113,$74.28
84,MDW,Chicago             IL,*,Detroit             MI,1,0,0,1,0,1,1,0,1,3,3059.779377,"$29,260.00","$26,506.00",7830332,4459144,237,34113,$74.28
85,*,Dallas/Fort Worth   TX,*,Detroit             MI,1,0,1,0,0,1,1,0,1.22,3,4033.323101,"$28,637.00","$26,506.00",3036732,4459144,1001,6401,$245.28
86,*,Denver              CO,*,Detroit             MI,1,0,1,0,0,1,1,0,1.21,3,4213.707596,"$29,055.00","$26,506.00",1862106,4459144,1139,3851,$256.48
87,*,Dallas/Fort Worth   TX,*,El Paso             TX,1,0,0,1,0,1,0,1,1.02,3,5063.074129,"$28,637.00","$14,600.00",3036732,677757,548,10989,$84.23
88,*,Atlanta             GA,*,Fort Lauderdale     FL,0,1,1,0,0,1,0,1,1.02,3,7032.265309,"$26,993.00","$26,752.00",3532657,1440377,578,11425,$105.10
89,*,Boston              MA,*,Fort Lauderdale     FL,0,1,1,0,0,1,0,1,1.27,3,2682.544585,"$30,124.00","$26,752.00",5787293,1440377,1229,10483,$121.09
90,ORD,Chicago             IL,*,Fort Lauderdale     FL,0,1,0,1,1,0,0,1,1.15,3,2482.763847,"$29,260.00","$26,752.00",7830332,1440377,1168,10117,$153.95
91,MDW,Chicago             IL,*,Fort Lauderdale     FL,0,1,0,1,0,1,0,1,1.15,3,2482.763847,"$29,260.00","$26,752.00",7830332,1440377,1168,10117,$153.95
92,*,Dallas/Fort Worth   TX,*,Fort Lauderdale     FL,0,1,1,0,0,1,0,1,1.16,3,4677.028852,"$28,637.00","$26,752.00",3036732,1440377,1118,3402,$207.84
93,*,Detroit             MI,*,Fort Lauderdale     FL,0,1,1,0,0,1,1,0,1.17,3,4681.680729,"$26,506.00","$26,752.00",4459144,1440377,1128,6103,$113.39
94,*,Boston              MA,*,Fort Meyers         FL,0,1,1,0,0,1,0,1,1.47,3,2565.518087,"$30,124.00","$26,752.00",5787293,379566,1245,6390,$126.62
95,ORD,Chicago             IL,*,Fort Meyers         FL,0,1,1,0,1,0,0,1,1.2,3,3247.314249,"$29,260.00","$26,752.00",7830332,379566,1108,7196,$136.68
96,MDW,Chicago             IL,*,Fort Meyers         FL,0,1,1,0,0,1,0,1,1.2,3,3247.314249,"$29,260.00","$26,752.00",7830332,379566,1108,7196,$136.68
97,*,Detroit             MI,*,Fort Meyers         FL,0,1,1,0,0,1,1,0,1.13,3,4516.900078,"$26,506.00","$26,752.00",4459144,379566,1088,7049,$108.15
98,JFK,New York/Newark     NY,*,Greensboro/High Pt  NC,1,0,1,0,1,0,0,1,1.07,3,4840.48312,"$32,991.00","$24,348.00",8621121,111745,457,7574,$180.85
99,LGA,New York/Newark     NY,*,Greensboro/High Pt  NC,1,0,1,0,1,0,0,1,1.07,3,4840.48312,"$32,991.00","$24,348.00",8621121,111745,457,7574,$180.85
100,EWR,New York/Newark     NY,*,Greensboro/High Pt  NC,1,0,1,0,0,1,1,0,1.07,3,4840.48312,"$32,991.00","$24,348.00",8621121,111745,457,7574,$180.85
101,*,Atlanta             GA,*,Hartford            CT,1,0,1,0,0,1,0,1,1.34,3,5137.408727,"$26,993.00","$30,268.00",3532657,1106780,854,5806,$175.81
102,ORD,Chicago             IL,*,Hartford            CT,1,0,1,0,1,0,0,1,1.13,3,4146.133542,"$29,260.00","$30,268.00",7830332,1106780,779,6614,$240.88
103,MDW,Chicago             IL,*,Hartford            CT,1,0,1,0,0,1,0,1,1.13,3,4146.133542,"$29,260.00","$30,268.00",7830332,1106780,779,6614,$240.88
104,*,Las Vegas           NV,*,Honolulu (Intl)     HI,0,1,1,0,0,1,0,1,1.56,3,3135.144092,"$24,575.00","$26,681.00",1197234,873131,2764,6462,$183.19
105,*,Los Angeles         CA,*,Honolulu (Intl)     HI,0,1,1,0,0,1,0,1,1.03,3,1706.891974,"$24,706.00","$26,681.00",9056076,873131,2555,32824,$167.16
106,*,San Francisco       CA,*,Honolulu (Intl)     HI,0,1,1,0,0,1,0,1,1.04,3,2447.141781,"$38,813.00","$26,681.00",1653017,873131,2401,19055,$177.09
107,*,Seattle/Tacoma      WA,*,Honolulu (Intl)     HI,0,1,1,0,0,1,0,1,1.29,3,3333.109325,"$30,916.00","$26,681.00",2230831,873131,2679,6464,$221.89
108,*,Atlanta             GA,*,Houston             TX,1,0,1,0,0,1,0,1,1.19,3,4468.800676,"$26,993.00","$27,211.00",3532657,3770125,701,7201,$233.16
109,*,Austin              TX,*,Houston             TX,1,0,0,1,0,1,0,1,1,3,6269.394719,"$23,665.00","$27,211.00",1038660,3770125,138,9874,$67.10
110,*,Boston              MA,*,Houston             TX,1,0,1,0,0,1,0,1,1.41,3,5497.259041,"$30,124.00","$27,211.00",5787293,3770125,1605,4272,$349.97
111,ORD,Chicago             IL,*,Houston             TX,1,0,0,1,1,0,0,1,1.09,3,2572.41906,"$29,260.00","$27,211.00",7830332,3770125,939,16868,$139.56
112,MDW,Chicago             IL,*,Houston             TX,1,0,0,1,0,1,0,1,1.09,3,2572.41906,"$29,260.00","$27,211.00",7830332,3770125,939,16868,$139.56
113,*,Cleveland           OH,*,Houston             TX,1,0,0,1,0,1,0,1,1.31,3,6172.951609,"$26,046.00","$27,211.00",2230955,3770125,1117,4057,$191.63
114,*,Corpus Christi      TX,*,Houston             TX,1,0,0,1,0,1,0,1,1,3,5826.135729,"$18,933.00","$27,211.00",382155,3770125,184,5312,$65.31
115,*,Dallas/Fort Worth   TX,*,Houston             TX,1,0,0,1,0,1,0,1,1,3,4992.627423,"$28,637.00","$27,211.00",3036732,3770125,234,54429,$67.78
116,*,Denver              CO,*,Houston             TX,1,0,1,0,0,1,0,1,1.14,3,4103.102495,"$29,055.00","$27,211.00",1862106,3770125,866,5860,$204.68
117,*,Detroit             MI,*,Houston             TX,1,0,0,1,0,1,1,0,1.19,3,3649.802349,"$26,506.00","$27,211.00",4459144,3770125,1102,4660,$177.22
118,*,Atlanta             GA,*,Indianapolis        IN,1,0,1,0,0,1,0,1,1.12,3,5180.127619,"$26,993.00","$25,475.00",3532657,1489247,430,5378,$109.78
119,ORD,Chicago             IL,*,Indianapolis        IN,1,0,0,1,1,0,0,1,1,3,3702.182637,"$29,260.00","$25,475.00",7830332,1489247,167,9355,$62.63
120,MDW,Chicago             IL,*,Indianapolis        IN,1,0,0,1,0,1,0,1,1,0,3702.182637,"$29,260.00","$25,475.00",7830332,1489247,167,9355,$62.63
121,*,Detroit             MI,*,Indianapolis        IN,1,0,0,1,0,1,1,0,1.11,3,8437.667086,"$26,506.00","$25,475.00",4459144,1489247,241,4790,$169.58
122,*,Fort Meyers         FL,*,Indianapolis        IN,0,1,1,0,0,1,0,1,1.21,3,6134.258156,"$24,510.00","$25,475.00",379566,1489247,943,3624,$105.73
123,*,Las Vegas           NV,*,Indianapolis        IN,0,1,1,0,0,1,0,1,1.34,3,2883.653178,"$24,575.00","$25,475.00",1197234,1489247,1588,7406,$114.13
124,*,Los Angeles         CA,*,Indianapolis        IN,1,0,1,0,0,1,0,1,1.52,3,1787.71117,"$24,706.00","$25,475.00",9056076,1489247,1815,5869,$153.50
125,JFK,New York/Newark     NY,*,Indianapolis        IN,1,0,1,0,1,0,0,1,1.27,0,3543.340079,"$32,991.00","$25,475.00",8621121,1489247,657,7109,$195.64
126,LGA,New York/Newark     NY,*,Indianapolis        IN,1,0,1,0,1,0,0,1,1.27,3,3543.340079,"$32,991.00","$25,475.00",8621121,1489247,657,7109,$195.64
127,EWR,New York/Newark     NY,*,Indianapolis        IN,1,0,1,0,0,1,1,0,1.27,3,3543.340079,"$32,991.00","$25,475.00",8621121,1489247,657,7109,$195.64
128,*,Orlando             FL,*,Indianapolis        IN,0,1,0,1,0,1,0,1,1.24,3,3009.476387,"$22,360.00","$25,475.00",1421287,1489247,828,7675,$97.36
129,*,Phoenix             AZ,*,Indianapolis        IN,1,0,0,1,0,1,0,1,1.27,3,3446.749658,"$23,025.00","$25,475.00",2753373,1489247,1491,5100,$138.08
130,*,San Francisco       CA,*,Indianapolis        IN,1,0,1,0,0,1,0,1,1.71,3,1892.369111,"$38,813.00","$25,475.00",1653017,1489247,1941,3814,$157.45
131,*,Tampa               FL,*,Indianapolis        IN,0,1,0,1,0,1,0,1,1.28,3,3076.530483,"$23,654.00","$25,475.00",2195215,1489247,844,5160,$99.43
132,*,Atlanta             GA,*,Jacksonville        FL,0,1,1,0,0,1,0,1,1,3,5963.75302,"$26,993.00","$23,614.00",3532657,1008768,280,8571,$87.59
133,ORD,Chicago             IL,*,Jacksonville        FL,0,1,1,0,1,0,0,1,1.45,3,3198.811521,"$29,260.00","$23,614.00",7830332,1008768,865,3789,$158.63
134,MDW,Chicago             IL,*,Jacksonville        FL,0,1,1,0,0,1,0,1,1.45,3,3198.811521,"$29,260.00","$23,614.00",7830332,1008768,865,3789,$158.63
135,*,Fort Lauderdale     FL,*,Jacksonville        FL,0,1,1,0,0,1,0,1,1.01,3,3305.698178,"$26,752.00","$23,614.00",1440377,1008768,303,1859,$114.93
136,*,Atlanta             GA,*,Kansas City         MO,1,0,1,0,0,1,0,1,1.11,0,6722.008778,"$26,993.00","$25,450.00",3532657,1694803,685,6426,$116.18
137,ORD,Chicago             IL,*,Kansas City         MO,1,0,0,1,1,0,0,1,1.04,3,3296.049512,"$29,260.00","$25,450.00",7830332,1694803,407,20529,$75.71
138,MDW,Chicago             IL,*,Kansas City         MO,1,0,0,1,0,1,0,1,1.04,0,3296.049512,"$29,260.00","$25,450.00",7830332,1694803,407,20529,$75.71
139,*,Dallas/Fort Worth   TX,*,Kansas City         MO,1,0,1,0,0,1,0,1,1.2,3,7520.085442,"$28,637.00","$25,450.00",3036732,1694803,458,9381,$116.57
140,*,Denver              CO,*,Kansas City         MO,1,0,1,0,0,1,0,1,1.02,3,5505.791153,"$29,055.00","$25,450.00",1862106,1694803,541,7679,$110.25
141,*,Detroit             MI,*,Kansas City         MO,1,0,0,1,0,1,1,0,1.31,3,5569.746732,"$26,506.00","$25,450.00",4459144,1694803,639,4987,$123.27
142,*,Houston             TX,*,Kansas City         MO,1,0,0,1,0,1,0,1,1.08,2,4343.848698,"$27,211.00","$25,450.00",3770125,1694803,652,4649,$127.78
143,*,Las Vegas           NV,*,Kansas City         MO,0,1,0,1,0,1,0,1,1.39,0,2844.240054,"$24,575.00","$25,450.00",1197234,1694803,1140,8309,$78.24
144,*,Los Angeles         CA,*,Kansas City         MO,1,0,0,1,0,1,0,1,1.31,2,1843.517891,"$24,706.00","$25,450.00",9056076,1694803,1365,7959,$116.00
145,*,Albuquerque         NM,*,Las Vegas           NV,0,1,0,1,0,1,0,1,1.08,0,7641.728632,"$22,089.00","$24,575.00",668159,1197234,479,7170,$72.43
146,*,Atlanta             GA,*,Las Vegas           NV,0,1,1,0,0,1,0,1,1.44,3,4112.438959,"$26,993.00","$24,575.00",3532657,1197234,1744,7881,$143.62
147,*,Austin              TX,*,Las Vegas           NV,0,1,0,1,0,1,0,1,1.35,3,3757.25253,"$23,665.00","$24,575.00",1038660,1197234,1087,5738,$80.31
148,*,Boston              MA,*,Las Vegas           NV,0,1,1,0,0,1,0,1,1.49,3,1833.954846,"$30,124.00","$24,575.00",5787293,1197234,2372,10235,$133.35
149,*,Burbank             CA,*,Las Vegas           NV,0,1,0,1,0,1,0,1,1,3,9592.991435,"$24,706.00","$24,575.00",9056076,1197234,226,16845,$52.92
150,ORD,Chicago             IL,*,Las Vegas           NV,0,1,0,1,1,0,0,1,1.15,3,2044.210288,"$29,260.00","$24,575.00",7830332,1197234,1519,23739,$123.74
151,MDW,Chicago             IL,*,Las Vegas           NV,0,1,0,1,0,1,0,1,1.15,3,2044.210288,"$29,260.00","$24,575.00",7830332,1197234,1519,23739,$123.74
152,*,Cleveland           OH,*,Las Vegas           NV,0,1,0,1,0,1,0,1,1.36,0,4070.447532,"$26,046.00","$24,575.00",2230955,1197234,1831,4543,$159.12
153,*,Columbus            OH,*,Las Vegas           NV,0,1,1,0,0,1,0,1,1.42,3,4956.577531,"$24,502.00","$24,575.00",125722,1197234,1769,7231,$115.84
154,*,Dallas/Fort Worth   TX,*,Las Vegas           NV,0,1,1,0,0,1,0,1,1.16,3,4446.514122,"$28,637.00","$24,575.00",3036732,1197234,1052,6986,$164.88
155,*,Denver              CO,*,Las Vegas           NV,0,1,1,0,0,1,0,1,1.13,3,3760.095415,"$29,055.00","$24,575.00",1862106,1197234,618,10206,$89.47
156,*,Detroit             MI,*,Las Vegas           NV,0,1,1,0,0,1,1,0,1.19,3,5307.269665,"$26,506.00","$24,575.00",4459144,1197234,1756,6675,$163.78
157,*,Houston             TX,*,Las Vegas           NV,0,1,0,1,0,1,0,1,1.18,3,3690.131223,"$27,211.00","$24,575.00",3770125,1197234,1222,9632,$112.99
158,*,Los Angeles         CA,*,Las Vegas           NV,0,1,0,1,0,1,0,1,1,0,2522.008294,"$24,706.00","$24,575.00",9056076,1197234,238,51358,$55.57
159,*,Los Angeles         CA,*,Las Vegas           NV,0,1,0,1,0,1,0,1,1,0,2522.008294,"$24,706.00","$24,575.00",9056076,1197234,238,51358,$55.57
160,*,Dallas/Fort Worth   TX,*,Little Rock         AR,1,0,0,1,0,1,0,1,1,3,5293.048369,"$28,637.00","$22,726.00",3036732,547633,308,10451,$59.77
161,*,Albuquerque         NM,*,Los Angeles         CA,1,0,0,1,0,1,0,1,1.09,3,4935.716503,"$22,089.00","$24,706.00",668159,9056076,673,11980,$76.79
162,*,Atlanta             GA,*,Los Angeles         CA,1,0,1,0,0,1,0,1,1.38,3,5465.97804,"$26,993.00","$24,706.00",3532657,9056076,1946,13365,$225.56
163,*,Boston              MA,*,Los Angeles         CA,1,0,1,0,0,1,0,1,1.35,3,2902.44082,"$30,124.00","$24,706.00",5787293,9056076,2605,14737,$301.79
164,ORD,Chicago             IL,*,Los Angeles         CA,1,0,1,0,1,0,0,1,1.19,3,3413.419799,"$29,260.00","$24,706.00",7830332,9056076,1751,29771,$233.78
165,MDW,Chicago             IL,*,Los Angeles         CA,1,0,1,0,0,1,0,1,1.19,3,3413.419799,"$29,260.00","$24,706.00",7830332,9056076,1751,29771,$233.78
166,*,Cleveland           OH,*,Los Angeles         CA,1,0,1,0,0,1,0,1,1.56,3,3300.076533,"$26,046.00","$24,706.00",2230955,9056076,2062,4531,$231.97
167,*,Columbus            OH,*,Los Angeles         CA,1,0,1,0,0,1,0,1,1.92,3,1550.158225,"$24,502.00","$24,706.00",125722,9056076,1996,3542,$179.23
168,*,Dallas/Fort Worth   TX,*,Los Angeles         CA,1,0,1,0,0,1,0,1,1.2,3,5976.023657,"$28,637.00","$24,706.00",3036732,9056076,1234,9746,$272.06
169,*,Denver              CO,*,Los Angeles         CA,1,0,1,0,0,1,0,1,1.1,3,6589.490736,"$29,055.00","$24,706.00",1862106,9056076,854,20889,$129.80
170,*,Detroit             MI,*,Los Angeles         CA,1,0,1,0,0,1,1,0,1.52,3,4289.780549,"$26,506.00","$24,706.00",4459144,9056076,1988,6758,$295.49
171,*,Fort Lauderdale     FL,*,Los Angeles         CA,0,1,1,0,0,1,0,1,1.27,3,3472.166007,"$26,752.00","$24,706.00",1440377,9056076,2341,4719,$193.50
172,*,Houston             TX,*,Los Angeles         CA,1,0,0,1,0,1,0,1,1.27,3,3942.830285,"$27,211.00","$24,706.00",3770125,9056076,1379,11760,$195.28
173,*,Atlanta             GA,*,Louisville          KY,1,0,1,0,0,1,0,1,1.04,3,5450.852845,"$26,993.00","$24,307.00",3532657,989164,320,4562,$101.68
174,*,Baltimore/Wash Intl MD,*,Louisville          KY,1,0,0,1,0,1,0,1,1.13,3,4655.179181,"$29,838.00","$24,307.00",29838,989164,495,6218,$60.26
175,ORD,Chicago             IL,*,Louisville          KY,1,0,0,1,1,0,0,1,1.02,3,4109.874328,"$29,260.00","$24,307.00",7830332,989164,276,8793,$68.06
176,MDW,Chicago             IL,*,Louisville          KY,1,0,0,1,0,1,0,1,1.02,3,4109.874328,"$29,260.00","$24,307.00",7830332,989164,276,8793,$68.06
177,*,Dallas/Fort Worth   TX,*,Lubbock             TX,1,0,0,1,0,1,0,1,1,3,6337.199459,"$28,637.00","$20,980.00",3036732,231325,283,9446,$60.87
178,*,Atlanta             GA,*,Memphis             TN,1,0,1,0,0,1,0,1,1.01,3,4988.825966,"$26,993.00","$24,725.00",3532657,1074558,331,10255,$70.62
179,*,Atlanta             GA,*,Miami               FL,0,1,1,0,0,1,0,1,1.01,1,4343.346033,"$26,993.00","$21,207.00",3532657,2105604,595,14119,$97.93
180,*,Boston              MA,*,Miami               FL,0,1,1,0,0,1,0,1,1.24,3,4133.349424,"$30,124.00","$21,207.00",5787293,2105604,1259,7322,$158.50
181,ORD,Chicago             IL,*,Miami               FL,0,1,1,0,1,0,0,1,1.15,3,3947.243372,"$29,260.00","$21,207.00",7830332,2105604,1187,10671,$168.92
182,MDW,Chicago             IL,*,Miami               FL,0,1,1,0,0,1,0,1,1.15,0,3947.243372,"$29,260.00","$21,207.00",7830332,2105604,1187,10671,$168.92
183,*,Dallas/Fort Worth   TX,*,Miami               FL,0,1,1,0,0,1,0,1,1.16,3,5772.858435,"$28,637.00","$21,207.00",3036732,2105604,1116,4613,$185.11
184,*,Detroit             MI,*,Miami               FL,0,1,1,0,0,1,1,0,1.17,3,6140.526487,"$26,506.00","$21,207.00",4459144,2105604,1151,5064,$133.98
185,*,Los Angeles         CA,*,Miami               FL,0,1,1,0,0,1,0,1,1.21,3,4567.200472,"$24,706.00","$21,207.00",9056076,2105604,2336,11193,$207.83
186,*,Las Vegas           NV,*,Milwaukee           WI,0,1,1,0,0,1,0,1,1.42,3,2796.603509,"$24,575.00","$26,695.00",1197234,1646147,1521,2963,$146.36
187,JFK,New York/Newark     NY,*,Milwaukee           WI,1,0,1,0,1,0,0,1,1.29,3,6108.572283,"$32,991.00","$26,695.00",8621121,1646147,736,6590,$190.09
188,LGA,New York/Newark     NY,*,Milwaukee           WI,1,0,1,0,1,0,0,1,1.29,3,6108.572283,"$32,991.00","$26,695.00",8621121,1646147,736,6590,$190.09
189,EWR,New York/Newark     NY,*,Milwaukee           WI,1,0,1,0,0,1,1,0,1.29,1,6108.572283,"$32,991.00","$26,695.00",8621121,1646147,736,6590,$190.09
190,*,Orlando             FL,*,Milwaukee           WI,0,1,1,0,0,1,0,1,1.49,3,2985.423047,"$22,360.00","$26,695.00",1421287,1646147,1066,6935,$104.87
191,*,Phoenix             AZ,*,Milwaukee           WI,1,0,1,0,0,1,0,1,1.36,3,3146.68289,"$23,025.00","$26,695.00",2753373,1646147,1461,4879,$154.06
192,*,Atlanta             GA,*,Minneapolis/St Paul MN,1,0,1,0,0,1,1,0,1.17,3,4317.659343,"$26,993.00","$28,739.00",3532657,2761118,904,5578,$269.43
193,*,Boston              MA,*,Minneapolis/St Paul MN,1,0,1,0,0,1,1,0,1.18,3,7702.881936,"$30,124.00","$28,739.00",5787293,2761118,1114,7276,$258.85
194,ORD,Chicago             IL,*,Minneapolis/St Paul MN,1,0,1,0,1,0,1,0,1.01,3,3911.167468,"$29,260.00","$28,739.00",7830332,2761118,342,29137,$156.93
195,MDW,Chicago             IL,*,Minneapolis/St Paul MN,1,0,1,0,0,1,1,0,1.01,3,3911.167468,"$29,260.00","$28,739.00",7830332,2761118,342,29137,$156.93
196,*,Dallas/Fort Worth   TX,*,Minneapolis/St Paul MN,1,0,1,0,0,1,1,0,1.1,3,4540.30106,"$28,637.00","$28,739.00",3036732,2761118,857,6621,$230.71
197,*,Denver              CO,*,Minneapolis/St Paul MN,1,0,1,0,0,1,1,0,1.02,3,4347.483461,"$29,055.00","$28,739.00",1862106,2761118,693,10147,$133.50
198,*,Detroit             MI,*,Minneapolis/St Paul MN,1,0,1,0,0,1,1,0,1.14,3,9249.131216,"$26,506.00","$28,739.00",4459144,2761118,530,5389,$286.54
199,*,Kansas City         MO,*,Minneapolis/St Paul MN,1,0,1,0,0,1,1,0,1.19,3,7958.31083,"$25,450.00","$28,739.00",1694803,2761118,401,3733,$232.55
200,*,Las Vegas           NV,*,Minneapolis/St Paul MN,0,1,1,0,0,1,1,0,1.13,3,6172.119157,"$24,575.00","$28,739.00",1197234,2761118,1301,4353,$171.67
201,*,Los Angeles         CA,*,Minneapolis/St Paul MN,1,0,1,0,0,1,1,0,1.24,3,6166.104324,"$24,706.00","$28,739.00",9056076,2761118,1539,7749,$246.10
202,ORD,Chicago             IL,*,Nashville           TN,1,0,0,1,1,0,0,1,1.02,3,3463.960734,"$29,260.00","$25,995.00",7830332,1115048,401,10902,$84.21
203,MDW,Chicago             IL,*,Nashville           TN,1,0,0,1,0,1,0,1,1.02,3,3463.960734,"$29,260.00","$25,995.00",7830332,1115048,401,10902,$84.21
204,*,Dallas/Fort Worth   TX,*,Nashville           TN,1,0,1,0,0,1,0,1,1.1,3,7138.340882,"$28,637.00","$25,995.00",3036732,1115048,634,4632,$181.99
205,*,Detroit             MI,*,Nashville           TN,1,0,0,1,0,1,1,0,1.16,2,7746.626652,"$26,506.00","$25,995.00",4459144,1115048,466,6143,$166.25
206,*,Houston             TX,*,Nashville           TN,1,0,0,1,0,1,0,1,1.08,3,4722.174858,"$27,211.00","$25,995.00",3770125,1115048,671,5772,$107.86
207,*,Los Angeles         CA,*,Nashville           TN,1,0,0,1,0,1,0,1,1.57,2,3106.383358,"$24,706.00","$25,995.00",9056076,1115048,1798,4462,$181.02
208,JFK,New York/Newark     NY,*,Nashville           TN,1,0,1,0,1,0,0,1,1.26,3,3647.271582,"$32,991.00","$25,995.00",8621121,1115048,760,7387,$215.01
209,LGA,New York/Newark     NY,*,Nashville           TN,1,0,1,0,1,0,0,1,1.26,3,3647.271582,"$32,991.00","$25,995.00",8621121,1115048,760,7387,$215.01
210,EWR,New York/Newark     NY,*,Nashville           TN,1,0,1,0,0,1,1,0,1.26,3,3647.271582,"$32,991.00","$25,995.00",8621121,1115048,760,7387,$215.01
211,*,Orlando             FL,*,Nashville           TN,0,1,0,1,0,1,0,1,1.17,1,2173.452527,"$22,360.00","$25,995.00",1421287,1115048,615,6224,$87.80
212,*,Atlanta             GA,*,New Orleans         LA,1,0,1,0,0,1,0,1,1.02,3,6269.745969,"$26,993.00","$22,038.00",3532657,1308499,419,7796,$120.70
213,ORD,Chicago             IL,*,New Orleans         LA,1,0,0,1,1,0,0,1,1.2,3,2621.007696,"$29,260.00","$22,038.00",7830332,1308499,829,8356,$132.85
214,MDW,Chicago             IL,*,New Orleans         LA,1,0,0,1,0,1,0,1,1.2,3,2621.007696,"$29,260.00","$22,038.00",7830332,1308499,829,8356,$132.85
215,*,Dallas/Fort Worth   TX,*,New Orleans         LA,1,0,0,1,0,1,0,1,1.05,3,4060.654148,"$28,637.00","$22,038.00",3036732,1308499,455,12717,$84.53
216,*,Houston             TX,*,New Orleans         LA,1,0,0,1,0,1,0,1,1.01,3,5117.492219,"$27,211.00","$22,038.00",3770125,1308499,319,19894,$76.81
217,*,Los Angeles         CA,*,New Orleans         LA,1,0,0,1,0,1,0,1,1.43,3,2605.054389,"$24,706.00","$22,038.00",9056076,1308499,1678,5559,$202.00
218,*,Albuquerque         NM,JFK,New York/Newark     NY,1,0,1,0,1,0,0,1,1.92,3,1940.172197,"$22,089.00","$32,991.00",668159,8621121,1822,4002,$208.79
219,*,Albuquerque         NM,LGA,New York/Newark     NY,1,0,1,0,1,0,0,1,1.92,3,1940.172197,"$22,089.00","$32,991.00",668159,8621121,1822,4002,$208.79
220,*,Albuquerque         NM,EWR,New York/Newark     NY,1,0,1,0,0,1,1,0,1.92,3,1940.172197,"$22,089.00","$32,991.00",668159,8621121,1822,4002,$208.79
221,*,Atlanta             GA,JFK,New York/Newark     NY,1,0,1,0,1,0,0,1,1.06,3,4593.383078,"$26,993.00","$32,991.00",3532657,8621121,756,48642,$162.28
222,*,Atlanta             GA,LGA,New York/Newark     NY,1,0,1,0,1,0,0,1,1.06,3,4593.383078,"$26,993.00","$32,991.00",3532657,8621121,756,48642,$162.28
223,*,Atlanta             GA,EWR,New York/Newark     NY,1,0,1,0,0,1,1,0,1.06,3,4593.383078,"$26,993.00","$32,991.00",3532657,8621121,756,48642,$162.28
224,*,Austin              TX,JFK,New York/Newark     NY,1,0,1,0,1,0,0,1,1.69,3,3447.627514,"$23,665.00","$32,991.00",1038660,8621121,1515,3802,$287.23
225,*,Austin              TX,LGA,New York/Newark     NY,1,0,1,0,1,0,0,1,1.69,3,3447.627514,"$23,665.00","$32,991.00",1038660,8621121,1515,3802,$287.23
226,*,Austin              TX,EWR,New York/Newark     NY,1,0,1,0,0,1,1,0,1.69,3,3447.627514,"$23,665.00","$32,991.00",1038660,8621121,1515,3802,$287.23
227,*,Boston              MA,JFK,New York/Newark     NY,1,0,1,0,1,0,0,1,1,3,2850.328073,"$30,124.00","$32,991.00",5787293,8621121,183,66820,$116.78
228,*,Boston              MA,LGA,New York/Newark     NY,1,0,1,0,1,0,0,1,1,3,2850.328073,"$30,124.00","$32,991.00",5787293,8621121,183,66820,$116.78
229,*,Boston              MA,EWR,New York/Newark     NY,1,0,1,0,0,1,1,0,1,3,2850.328073,"$30,124.00","$32,991.00",5787293,8621121,183,66820,$116.78
230,ORD,Chicago             IL,JFK,New York/Newark     NY,1,0,1,0,1,0,0,1,1.05,3,3316.895019,"$29,260.00","$32,991.00",7830332,8621121,723,73892,$159.71
231,ORD,Chicago             IL,LGA,New York/Newark     NY,1,0,1,0,1,0,0,1,1.05,3,3316.895019,"$29,260.00","$32,991.00",7830332,8621121,723,73892,$159.71
232,ORD,Chicago             IL,EWR,New York/Newark     NY,1,0,1,0,1,0,1,0,1.05,3,3316.895019,"$29,260.00","$32,991.00",7830332,8621121,723,73892,$159.71
233,MDW,Chicago             IL,JFK,New York/Newark     NY,1,0,1,0,1,0,0,1,1.05,3,3316.895019,"$29,260.00","$32,991.00",7830332,8621121,723,73892,$159.71
234,MDW,Chicago             IL,LGA,New York/Newark     NY,1,0,1,0,1,0,0,1,1.05,3,3316.895019,"$29,260.00","$32,991.00",7830332,8621121,723,73892,$159.71
235,MDW,Chicago             IL,EWR,New York/Newark     NY,1,0,1,0,0,1,1,0,1.05,3,3316.895019,"$29,260.00","$32,991.00",7830332,8621121,723,73892,$159.71
236,*,Cincinnati          OH,JFK,New York/Newark     NY,1,0,1,0,1,0,1,0,1.1,3,6102.030388,"$25,059.00","$32,991.00",1595139,8621121,582,9567,$205.00
237,*,Cincinnati          OH,LGA,New York/Newark     NY,1,0,1,0,1,0,1,0,1.1,3,6102.030388,"$25,059.00","$32,991.00",1595139,8621121,582,9567,$205.00
238,*,Cincinnati          OH,EWR,New York/Newark     NY,1,0,1,0,0,1,1,0,1.1,3,6102.030388,"$25,059.00","$32,991.00",1595139,8621121,582,9567,$205.00
239,*,Cleveland           OH,JFK,New York/Newark     NY,1,0,1,0,1,0,0,1,1.07,3,6798.937657,"$26,046.00","$32,991.00",2230955,8621121,408,13252,$143.44
240,*,Cleveland           OH,LGA,New York/Newark     NY,1,0,1,0,1,0,0,1,1.07,3,6798.937657,"$26,046.00","$32,991.00",2230955,8621121,408,13252,$143.44
241,*,Cleveland           OH,EWR,New York/Newark     NY,1,0,1,0,0,1,1,0,1.07,3,6798.937657,"$26,046.00","$32,991.00",2230955,8621121,408,13252,$143.44
242,*,Columbus            OH,JFK,New York/Newark     NY,1,0,1,0,1,0,0,1,1.11,0,3046.453115,"$24,502.00","$32,991.00",125722,8621121,475,10168,$174.87
243,*,Columbus            OH,LGA,New York/Newark     NY,1,0,1,0,1,0,0,1,1.11,3,3046.453115,"$24,502.00","$32,991.00",125722,8621121,475,10168,$174.87
244,*,Columbus            OH,EWR,New York/Newark     NY,1,0,1,0,0,1,1,0,1.11,3,3046.453115,"$24,502.00","$32,991.00",125722,8621121,475,10168,$174.87
245,*,Dallas/Fort Worth   TX,JFK,New York/Newark     NY,1,0,1,0,1,0,0,1,1.12,3,6583.719434,"$28,637.00","$32,991.00",3036732,8621121,1389,24082,$304.18
246,*,Dallas/Fort Worth   TX,LGA,New York/Newark     NY,1,0,1,0,1,0,0,1,1.12,3,6583.719434,"$28,637.00","$32,991.00",3036732,8621121,1389,24082,$304.18
247,*,Dallas/Fort Worth   TX,EWR,New York/Newark     NY,1,0,1,0,0,1,1,0,1.12,3,6583.719434,"$28,637.00","$32,991.00",3036732,8621121,1389,24082,$304.18
248,*,Denver              CO,JFK,New York/Newark     NY,1,0,1,0,1,0,0,1,1.25,3,4809.098342,"$29,055.00","$32,991.00",1862106,8621121,1624,16240,$270.36
249,*,Denver              CO,LGA,New York/Newark     NY,1,0,1,0,1,0,0,1,1.25,3,4809.098342,"$29,055.00","$32,991.00",1862106,8621121,1624,16240,$270.36
250,*,Denver              CO,EWR,New York/Newark     NY,1,0,1,0,0,1,1,0,1.25,3,4809.098342,"$29,055.00","$32,991.00",1862106,8621121,1624,16240,$270.36
251,*,Detroit             MI,JFK,New York/Newark     NY,1,0,1,0,1,0,1,0,1.06,3,5430.524412,"$26,506.00","$32,991.00",4459144,8621121,492,17775,$209.35
252,*,Detroit             MI,LGA,New York/Newark     NY,1,0,1,0,1,0,1,0,1.06,3,5430.524412,"$26,506.00","$32,991.00",4459144,8621121,492,17775,$209.35
253,*,Detroit             MI,EWR,New York/Newark     NY,1,0,1,0,0,1,1,0,1.06,3,5430.524412,"$26,506.00","$32,991.00",4459144,8621121,492,17775,$209.35
254,*,Fort Lauderdale     FL,JFK,New York/Newark     NY,0,1,1,0,1,0,0,1,1.06,3,2828.160659,"$26,752.00","$32,991.00",1440377,8621121,1068,40159,$123.18
255,*,Fort Lauderdale     FL,LGA,New York/Newark     NY,0,1,1,0,1,0,0,1,1.06,3,2828.160659,"$26,752.00","$32,991.00",1440377,8621121,1068,40159,$123.18
256,*,Fort Lauderdale     FL,EWR,New York/Newark     NY,0,1,1,0,0,1,1,0,1.06,3,2828.160659,"$26,752.00","$32,991.00",1440377,8621121,1068,40159,$123.18
257,*,Fort Meyers         FL,JFK,New York/Newark     NY,0,1,1,0,1,0,0,1,1.22,3,3536.162645,"$24,510.00","$32,991.00",379566,8621121,1076,9399,$143.20
258,*,Fort Meyers         FL,LGA,New York/Newark     NY,0,1,1,0,1,0,0,1,1.22,3,3536.162645,"$24,510.00","$32,991.00",379566,8621121,1076,9399,$143.20
259,*,Fort Meyers         FL,EWR,New York/Newark     NY,0,1,1,0,0,1,1,0,1.22,3,3536.162645,"$24,510.00","$32,991.00",379566,8621121,1076,9399,$143.20
260,*,Greenville/Sprtnbg  SC,JFK,New York/Newark     NY,1,0,1,0,1,0,0,1,1.29,0,3151.9994,"$21,081.00","$32,991.00",895123,8621121,613,3806,$144.60
261,*,Greenville/Sprtnbg  SC,LGA,New York/Newark     NY,1,0,1,0,1,0,0,1,1.29,3,3151.9994,"$21,081.00","$32,991.00",895123,8621121,613,3806,$144.60
262,*,Greenville/Sprtnbg  SC,EWR,New York/Newark     NY,1,0,1,0,0,1,1,0,1.29,3,3151.9994,"$21,081.00","$32,991.00",895123,8621121,613,3806,$144.60
263,*,Houston             TX,JFK,New York/Newark     NY,1,0,1,0,1,0,0,1,1.29,1,6438.267093,"$27,211.00","$32,991.00",3770125,8621121,1426,15711,$349.53
264,*,Houston             TX,LGA,New York/Newark     NY,1,0,1,0,1,0,0,1,1.29,3,6438.267093,"$27,211.00","$32,991.00",3770125,8621121,1426,15711,$349.53
265,*,Houston             TX,EWR,New York/Newark     NY,1,0,1,0,0,1,1,0,1.29,3,6438.267093,"$27,211.00","$32,991.00",3770125,8621121,1426,15711,$349.53
266,*,Jacksonville        FL,JFK,New York/Newark     NY,0,1,1,0,1,0,0,1,1.34,3,3840.276922,"$23,614.00","$32,991.00",1008768,8621121,842,7098,$183.43
267,*,Jacksonville        FL,LGA,New York/Newark     NY,0,1,1,0,1,0,0,1,1.34,3,3840.276922,"$23,614.00","$32,991.00",1008768,8621121,842,7098,$183.43
268,*,Jacksonville        FL,EWR,New York/Newark     NY,0,1,1,0,0,1,1,0,1.34,3,3840.276922,"$23,614.00","$32,991.00",1008768,8621121,842,7098,$183.43
269,*,Kansas City         MO,JFK,New York/Newark     NY,1,0,1,0,1,0,0,1,1.4,3,2617.869354,"$25,450.00","$32,991.00",1694803,8621121,1103,7543,$223.99
270,*,Kansas City         MO,LGA,New York/Newark     NY,1,0,1,0,1,0,0,1,1.4,0,2617.869354,"$25,450.00","$32,991.00",1694803,8621121,1103,7543,$223.99
271,*,Kansas City         MO,EWR,New York/Newark     NY,1,0,1,0,0,1,1,0,1.4,3,2617.869354,"$25,450.00","$32,991.00",1694803,8621121,1103,7543,$223.99
272,*,Las Vegas           NV,JFK,New York/Newark     NY,0,1,1,0,1,0,0,1,1.36,3,2263.809094,"$24,575.00","$32,991.00",1197234,8621121,2237,26582,$169.41
273,*,Las Vegas           NV,LGA,New York/Newark     NY,0,1,1,0,1,0,0,1,1.36,3,2263.809094,"$24,575.00","$32,991.00",1197234,8621121,2237,26582,$169.41
274,*,Las Vegas           NV,EWR,New York/Newark     NY,0,1,1,0,0,1,1,0,1.36,3,2263.809094,"$24,575.00","$32,991.00",1197234,8621121,2237,26582,$169.41
275,*,Los Angeles         CA,JFK,New York/Newark     NY,1,0,1,0,1,0,0,1,1.17,3,2517.735642,"$24,706.00","$32,991.00",9056076,8621121,2467,60435,$326.47
276,*,Los Angeles         CA,LGA,New York/Newark     NY,1,0,1,0,1,0,0,1,1.17,3,2517.735642,"$24,706.00","$32,991.00",9056076,8621121,2467,60435,$326.47
277,*,Los Angeles         CA,EWR,New York/Newark     NY,1,0,1,0,0,1,1,0,1.17,3,2517.735642,"$24,706.00","$32,991.00",9056076,8621121,2467,60435,$326.47
278,*,Memphis             TN,JFK,New York/Newark     NY,1,0,1,0,1,0,0,1,1.29,3,6317.554994,"$24,725.00","$32,991.00",1074558,8621121,951,4614,$234.31
279,*,Memphis             TN,LGA,New York/Newark     NY,1,0,1,0,1,0,0,1,1.29,3,6317.554994,"$24,725.00","$32,991.00",1074558,8621121,951,4614,$234.31
280,*,Memphis             TN,EWR,New York/Newark     NY,1,0,1,0,0,1,1,0,1.29,3,6317.554994,"$24,725.00","$32,991.00",1074558,8621121,951,4614,$234.31
281,*,Miami               FL,JFK,New York/Newark     NY,0,1,1,0,1,0,0,1,1.05,3,3042.085699,"$21,207.00","$32,991.00",2105604,8621121,1097,51122,$124.92
282,*,Miami               FL,LGA,New York/Newark     NY,0,1,1,0,1,0,0,1,1.05,3,3042.085699,"$21,207.00","$32,991.00",2105604,8621121,1097,51122,$124.92
283,*,Miami               FL,EWR,New York/Newark     NY,0,1,1,0,0,1,1,0,1.05,3,3042.085699,"$21,207.00","$32,991.00",2105604,8621121,1097,51122,$124.92
284,*,Minneapolis/St Paul MN,JFK,New York/Newark     NY,1,0,1,0,1,0,1,0,1.15,3,6143.2043,"$28,739.00","$32,991.00",2761118,8621121,1015,13123,$278.39
285,*,Minneapolis/St Paul MN,LGA,New York/Newark     NY,1,0,1,0,1,0,1,0,1.15,3,6143.2043,"$28,739.00","$32,991.00",2761118,8621121,1015,13123,$278.39
286,*,Minneapolis/St Paul MN,EWR,New York/Newark     NY,1,0,1,0,0,1,1,0,1.15,3,6143.2043,"$28,739.00","$32,991.00",2761118,8621121,1015,13123,$278.39
287,*,New Orleans         LA,JFK,New York/Newark     NY,1,0,1,0,1,0,0,1,1.42,3,2995.099691,"$22,038.00","$32,991.00",1308499,8621121,1173,10334,$208.71
288,*,New Orleans         LA,LGA,New York/Newark     NY,1,0,1,0,1,0,0,1,1.42,3,2995.099691,"$22,038.00","$32,991.00",1308499,8621121,1173,10334,$208.71
289,*,New Orleans         LA,EWR,New York/Newark     NY,1,0,1,0,0,1,1,0,1.42,3,2995.099691,"$22,038.00","$32,991.00",1308499,8621121,1173,10334,$208.71
290,*,Norfolk/Va B/Pt/Ch  VA,JFK,New York/Newark     NY,1,0,1,0,1,0,0,1,1.02,0,3585.860046,"$21,125.00","$32,991.00",1536012,8621121,291,6295,$150.13
291,*,Norfolk/Va B/Pt/Ch  VA,LGA,New York/Newark     NY,1,0,1,0,1,0,0,1,1.02,3,3585.860046,"$21,125.00","$32,991.00",1536012,8621121,291,6295,$150.13
292,*,Norfolk/Va B/Pt/Ch  VA,EWR,New York/Newark     NY,1,0,1,0,0,1,1,0,1.02,3,3585.860046,"$21,125.00","$32,991.00",1536012,8621121,291,6295,$150.13
293,*,Burbank             CA,*,Oakland             CA,1,0,0,1,0,1,0,1,1,3,8795.727579,"$24,706.00","$29,846.00",9056076,2237227,325,23041,$56.43
294,*,Las Vegas           NV,*,Oakland             CA,0,1,0,1,0,1,0,1,1.05,0,9062.947119,"$24,575.00","$29,846.00",1197234,2237227,407,13356,$58.03
295,*,Los Angeles         CA,*,Oakland             CA,1,0,0,1,0,1,0,1,1,3,5391.076676,"$24,706.00","$29,846.00",9056076,2237227,334,43884,$53.80
296,*,Dallas/Fort Worth   TX,*,Oklahoma City       OK,1,0,0,1,0,1,0,1,1,1,5149.025673,"$28,637.00","$20,927.00",3036732,1021733,180,7646,$66.14
297,*,Houston             TX,*,Oklahoma City       OK,1,0,0,1,0,1,0,1,1.09,3,4897.641982,"$27,211.00","$20,927.00",3770125,1021733,410,5425,$96.18
298,ORD,Chicago             IL,*,Omaha               NE,1,0,0,1,1,0,0,1,1.02,3,5230.317052,"$29,260.00","$25,127.00",7830332,679984,428,8724,$67.77
299,MDW,Chicago             IL,*,Omaha               NE,1,0,0,1,0,1,0,1,1.02,3,5230.317052,"$29,260.00","$25,127.00",7830332,679984,428,8724,$67.77
300,*,Denver              CO,*,Omaha               NE,1,0,1,0,0,1,0,1,1,3,6131.5992,"$29,055.00","$25,127.00",1862106,679984,474,3734,$139.81
301,*,Atlanta             GA,*,Orlando             FL,0,1,1,0,0,1,0,1,1.01,3,4581.033514,"$26,993.00","$22,360.00",3532657,1421287,404,18673,$92.78
302,*,Boston              MA,*,Orlando             FL,0,1,1,0,0,1,0,1,1.24,3,3123.345816,"$30,124.00","$22,360.00",5787293,1421287,1119,23222,$117.97
303,ORD,Chicago             IL,*,Orlando             FL,0,1,0,1,1,0,0,1,1.09,3,1853.534059,"$29,260.00","$22,360.00",7830332,1421287,995,26034,$121.67
304,MDW,Chicago             IL,*,Orlando             FL,0,1,0,1,0,1,0,1,1.09,3,1853.534059,"$29,260.00","$22,360.00",7830332,1421287,995,26034,$121.67
305,*,Cincinnati          OH,*,Orlando             FL,0,1,1,0,0,1,1,0,1.17,3,5313.074835,"$25,059.00","$22,360.00",1595139,1421287,756,5235,$138.88
306,*,Cleveland           OH,*,Orlando             FL,0,1,1,0,0,1,0,1,1.34,3,4568.577223,"$26,046.00","$22,360.00",2230955,1421287,902,5696,$140.90
307,*,Columbus            OH,*,Orlando             FL,0,1,0,1,0,1,0,1,1.5,0,2082.226798,"$24,502.00","$22,360.00",125722,1421287,802,6399,$104.33
308,*,Dallas/Fort Worth   TX,*,Orlando             FL,0,1,1,0,0,1,0,1,1.08,3,3819.519869,"$28,637.00","$22,360.00",3036732,1421287,984,11392,$153.58
309,*,Denver              CO,*,Orlando             FL,0,1,1,0,0,1,0,1,1.55,3,3651.908434,"$29,055.00","$22,360.00",1862106,1421287,1545,5820,$201.43
310,*,Detroit             MI,*,Orlando             FL,0,1,1,0,0,1,1,0,1.16,3,5790.88016,"$26,506.00","$22,360.00",4459144,1421287,963,16414,$102.95
311,*,Fort Lauderdale     FL,*,Orlando             FL,0,1,0,1,0,1,0,1,1,3,4144.011093,"$26,752.00","$22,360.00",1440377,1421287,174,9216,$45.55
312,*,Hartford            CT,*,Orlando             FL,0,1,1,0,0,1,0,1,1.36,3,3217.369722,"$30,268.00","$22,360.00",1106780,1421287,1045,9823,$114.50
313,*,Houston             TX,*,Orlando             FL,0,1,0,1,0,1,0,1,1.28,3,4843.93984,"$27,211.00","$22,360.00",3770125,1421287,856,5798,$150.04
314,*,Kansas City         MO,*,Orlando             FL,0,1,0,1,0,1,0,1,1.68,0,1771.850445,"$25,450.00","$22,360.00",1694803,1421287,1064,5610,$121.35
315,*,Las Vegas           NV,*,Orlando             FL,0,1,1,0,0,1,0,1,1.48,3,3285.293395,"$24,575.00","$22,360.00",1197234,1421287,2035,5829,$117.59
316,*,Los Angeles         CA,*,Orlando             FL,0,1,1,0,0,1,0,1,1.4,3,4628.936433,"$24,706.00","$22,360.00",9056076,1421287,2216,8084,$258.43
317,*,Miami               FL,*,Orlando             FL,0,1,1,0,0,1,0,1,1,0,5149.70194,"$21,207.00","$22,360.00",2105604,1421287,192,7967,$96.53
318,*,Miami               FL,*,Orlando             FL,0,1,1,0,0,1,0,1,1,0,5149.70194,"$21,207.00","$22,360.00",2105604,1421287,192,7967,$96.53
319,*,Minneapolis/St Paul MN,*,Orlando             FL,0,1,1,0,0,1,1,0,1.34,3,6037.841514,"$28,739.00","$22,360.00",2761118,1421287,1308,4978,$204.62
320,*,New Orleans         LA,*,Orlando             FL,0,1,0,1,0,1,0,1,1.3,3,2424.611898,"$22,038.00","$22,360.00",1308499,1421287,541,5057,$92.35
321,JFK,New York/Newark     NY,*,Orlando             FL,0,1,1,0,1,0,0,1,1.08,3,2386.852227,"$32,991.00","$22,360.00",8621121,1421287,947,54990,$123.97
322,LGA,New York/Newark     NY,*,Orlando             FL,0,1,1,0,1,0,0,1,1.08,3,2386.852227,"$32,991.00","$22,360.00",8621121,1421287,947,54990,$123.97
323,EWR,New York/Newark     NY,*,Orlando             FL,0,1,1,0,0,1,1,0,1.08,3,2386.852227,"$32,991.00","$22,360.00",8621121,1421287,947,54990,$123.97
324,*,Atlanta             GA,*,Philadelphia/Camden PA,1,0,1,0,0,1,0,1,1.06,3,4248.472107,"$26,993.00","$27,994.00",3532657,4948339,674,16512,$125.09
325,*,Boston              MA,*,Philadelphia/Camden PA,1,0,1,0,0,1,0,1,1.02,0,9649.01234,"$30,124.00","$27,994.00",5787293,4948339,265,17196,$138.56
326,ORD,Chicago             IL,*,Philadelphia/Camden PA,1,0,1,0,1,0,0,1,1.08,3,3748.60103,"$29,260.00","$27,994.00",7830332,4948339,673,16559,$215.06
327,MDW,Chicago             IL,*,Philadelphia/Camden PA,1,0,1,0,0,1,0,1,1.08,3,3748.60103,"$29,260.00","$27,994.00",7830332,4948339,673,16559,$215.06
328,*,Dallas/Fort Worth   TX,*,Philadelphia/Camden PA,1,0,1,0,0,1,0,1,1.17,3,5921.733597,"$28,637.00","$27,994.00",3036732,4948339,1314,7630,$249.45
329,*,Denver              CO,*,Philadelphia/Camden PA,1,0,1,0,0,1,0,1,1.35,3,5840.941311,"$29,055.00","$27,994.00",1862106,4948339,1568,3599,$335.55
330,*,Detroit             MI,*,Philadelphia/Camden PA,1,0,1,0,0,1,1,0,1.05,3,4597.286997,"$26,506.00","$27,994.00",4459144,4948339,450,7899,$175.66
331,*,Fort Lauderdale     FL,*,Philadelphia/Camden PA,0,1,1,0,0,1,0,1,1.21,3,7577.560567,"$26,752.00","$27,994.00",1440377,4948339,997,6541,$132.77
332,*,Houston             TX,*,Philadelphia/Camden PA,1,0,1,0,0,1,0,1,1.36,3,5679.245092,"$27,211.00","$27,994.00",3770125,4948339,1347,4023,$353.56
333,*,Las Vegas           NV,*,Philadelphia/Camden PA,0,1,1,0,0,1,0,1,1.36,3,2494.446357,"$24,575.00","$27,994.00",1197234,4948339,2179,6948,$165.90
334,*,Los Angeles         CA,*,Philadelphia/Camden PA,1,0,1,0,0,1,0,1,1.37,3,3264.938103,"$24,706.00","$27,994.00",9056076,4948339,2407,8981,$293.21
335,*,Miami               FL,*,Philadelphia/Camden PA,0,1,1,0,0,1,0,1,1.15,3,4191.139723,"$21,207.00","$27,994.00",2105604,4948339,1026,5725,$152.67
336,*,Minneapolis/St Paul MN,*,Philadelphia/Camden PA,1,0,1,0,0,1,1,0,1.18,3,7362.530068,"$28,739.00","$27,994.00",2761118,4948339,979,4149,$295.46
337,*,Orlando             FL,*,Philadelphia/Camden PA,0,1,1,0,0,1,0,1,1.14,3,5335.321074,"$22,360.00","$27,994.00",1421287,4948339,872,17853,$114.28
338,*,Albuquerque         NM,*,Phoenix             AZ,1,0,0,1,0,1,0,1,1,3,6362.24047,"$22,089.00","$23,025.00",668159,2753373,327,13947,$57.05
339,*,Atlanta             GA,*,Phoenix             AZ,1,0,1,0,0,1,0,1,1.25,3,4275.352265,"$26,993.00","$23,025.00",3532657,2753373,1591,5944,$200.09
340,*,Austin              TX,*,Phoenix             AZ,1,0,0,1,0,1,0,1,1.1,3,4252.085324,"$23,665.00","$23,025.00",1038660,2753373,876,4511,$105.41
341,*,Boston              MA,*,Phoenix             AZ,1,0,1,0,0,1,0,1,1.7,3,1710.89592,"$30,124.00","$23,025.00",5787293,2753373,2295,7130,$197.42
342,*,Burbank             CA,*,Phoenix             AZ,1,0,0,1,0,1,0,1,1,3,5266.715664,"$24,706.00","$23,025.00",9056076,2753373,363,10529,$57.33
343,ORD,Chicago             IL,*,Phoenix             AZ,1,0,0,1,1,0,0,1,1.11,3,2297.846376,"$29,260.00","$23,025.00",7830332,2753373,1446,23009,$152.10
344,MDW,Chicago             IL,*,Phoenix             AZ,1,0,0,1,0,1,0,1,1.11,3,2297.846376,"$29,260.00","$23,025.00",7830332,2753373,1446,23009,$152.10
345,*,Cleveland           OH,*,Phoenix             AZ,1,0,0,1,0,1,0,1,1.56,0,2659.935397,"$26,046.00","$23,025.00",2230955,2753373,1749,4272,$166.66
346,*,Columbus            OH,*,Phoenix             AZ,1,0,0,1,0,1,0,1,1.56,3,3391.869499,"$24,502.00","$23,025.00",125722,2753373,1673,4780,$158.00
347,*,Dallas/Fort Worth   TX,*,Phoenix             AZ,1,0,1,0,0,1,0,1,1.1,0,4711.468944,"$28,637.00","$23,025.00",3036732,2753373,870,7060,$229.84
348,*,Denver              CO,*,Phoenix             AZ,1,0,1,0,0,1,0,1,1.02,0,3959.074303,"$29,055.00","$23,025.00",1862106,2753373,590,11723,$133.04
349,*,Detroit             MI,*,Phoenix             AZ,1,0,0,1,0,1,1,0,1.22,3,4116.078253,"$26,506.00","$23,025.00",4459144,2753373,1682,8384,$191.66
350,*,El Paso             TX,*,Phoenix             AZ,1,0,0,1,0,1,0,1,1,3,7231.624169,"$14,600.00","$23,025.00",677757,2753373,353,6211,$60.73
351,*,Houston             TX,*,Phoenix             AZ,1,0,0,1,0,1,0,1,1.08,3,3100.412524,"$27,211.00","$23,025.00",3770125,2753373,1014,6277,$148.28
352,*,Kansas City         MO,*,Phoenix             AZ,1,0,0,1,0,1,0,1,1.18,3,3725.958917,"$25,450.00","$23,025.00",1694803,2753373,1046,8478,$85.48
353,*,Las Vegas           NV,*,Phoenix             AZ,0,1,0,1,0,1,0,1,1,3,5619.017029,"$24,575.00","$23,025.00",1197234,2753373,248,22995,$53.07
354,*,Los Angeles         CA,*,Phoenix             AZ,1,0,0,1,0,1,0,1,1.01,3,3923.943118,"$24,706.00","$23,025.00",9056076,2753373,366,35471,$51.73
355,*,Minneapolis/St Paul MN,*,Phoenix             AZ,1,0,1,0,0,1,1,0,1.12,0,4317.486925,"$28,739.00","$23,025.00",2761118,2753373,1279,8730,$195.91
356,JFK,New York/Newark     NY,*,Phoenix             AZ,1,0,1,0,1,0,0,1,1.39,3,2892.902534,"$32,991.00","$23,025.00",8621121,2753373,2148,14830,$273.12
357,LGA,New York/Newark     NY,*,Phoenix             AZ,1,0,1,0,1,0,0,1,1.39,3,2892.902534,"$32,991.00","$23,025.00",8621121,2753373,2148,14830,$273.12
358,EWR,New York/Newark     NY,*,Phoenix             AZ,1,0,1,0,0,1,1,0,1.39,3,2892.902534,"$32,991.00","$23,025.00",8621121,2753373,2148,14830,$273.12
359,*,Oakland             CA,*,Phoenix             AZ,1,0,0,1,0,1,0,1,1.03,3,4787.551493,"$29,846.00","$23,025.00",2237227,2753373,638,8271,$84.15
360,*,Omaha               NE,*,Phoenix             AZ,1,0,0,1,0,1,0,1,1.34,3,3442.981263,"$25,127.00","$23,025.00",679984,2753373,1031,5953,$81.32
361,*,Orlando             FL,*,Phoenix             AZ,0,1,0,1,0,1,0,1,1.78,3,2275.241108,"$22,360.00","$23,025.00",1421287,2753373,1851,4099,$162.53
362,*,Philadelphia/Camden PA,*,Phoenix             AZ,1,0,1,0,0,1,0,1,1.55,3,3127.58946,"$27,994.00","$23,025.00",4948339,2753373,2083,3891,$291.78
363,*,Atlanta             GA,*,Pittsburgh          PA,1,0,1,0,0,1,1,0,1.04,3,4215.012034,"$26,993.00","$25,054.00",3532657,2374260,525,7664,$93.55
364,*,Boston              MA,*,Pittsburgh          PA,1,0,1,0,0,1,1,0,1.1,3,9174.829234,"$30,124.00","$25,054.00",5787293,2374260,483,5539,$186.28
365,ORD,Chicago             IL,*,Pittsburgh          PA,1,0,1,0,1,0,1,0,1.05,3,4947.279665,"$29,260.00","$25,054.00",7830332,2374260,412,6585,$208.86
366,MDW,Chicago             IL,*,Pittsburgh          PA,1,0,1,0,0,1,1,0,1.05,3,4947.279665,"$29,260.00","$25,054.00",7830332,2374260,412,6585,$208.86
367,JFK,New York/Newark     NY,*,Pittsburgh          PA,1,0,1,0,1,0,1,0,1.02,3,5898.739251,"$32,991.00","$25,054.00",8621121,2374260,325,13957,$169.90
368,LGA,New York/Newark     NY,*,Pittsburgh          PA,1,0,1,0,1,0,1,0,1.02,3,5898.739251,"$32,991.00","$25,054.00",8621121,2374260,325,13957,$169.90
369,EWR,New York/Newark     NY,*,Pittsburgh          PA,1,0,1,0,0,1,1,0,1.02,3,5898.739251,"$32,991.00","$25,054.00",8621121,2374260,325,13957,$169.90
370,EWR,New York/Newark     NY,*,Pittsburgh          PA,1,0,1,0,0,1,1,0,1.02,3,5898.739251,"$32,991.00","$25,054.00",8621121,2374260,325,13957,$169.90
371,*,Orlando             FL,*,Pittsburgh          PA,0,1,1,0,0,1,1,0,1.23,3,6166.326774,"$22,360.00","$25,054.00",1421287,2374260,831,7121,$122.62
372,*,Philadelphia/Camden PA,*,Pittsburgh          PA,1,0,1,0,0,1,1,0,1.02,0,9935.071799,"$27,994.00","$25,054.00",4948339,2374260,264,9515,$134.09
373,*,Boise               ID,*,Portland            OR,1,0,0,1,0,1,0,1,1.01,1,4315.920953,"$23,901.00","$26,409.00",372606,249561,344,5899,$66.88
374,ORD,Chicago             IL,*,Portland            OR,1,0,1,0,1,0,0,1,1.34,3,4409.423401,"$29,260.00","$26,409.00",7830332,249561,1749,5025,$279.61
375,MDW,Chicago             IL,*,Portland            OR,1,0,1,0,0,1,0,1,1.34,3,4409.423401,"$29,260.00","$26,409.00",7830332,249561,1749,5025,$279.61
376,*,Denver              CO,*,Portland            OR,1,0,1,0,0,1,0,1,1.3,3,6769.311421,"$29,055.00","$26,409.00",1862106,249561,992,4701,$188.46
377,*,Honolulu (Intl)     HI,*,Portland            OR,0,1,1,0,0,1,0,1,1.63,3,3784.941896,"$26,681.00","$26,409.00",873131,249561,2603,2746,$205.51
378,*,Las Vegas           NV,*,Portland            OR,0,1,0,1,0,1,0,1,1.16,3,2318.278598,"$24,575.00","$26,409.00",1197234,249561,760,9497,$69.19
379,*,Los Angeles         CA,*,Portland            OR,1,0,0,1,0,1,0,1,1.06,0,3153.677489,"$24,706.00","$26,409.00",9056076,249561,831,16784,$91.97
380,JFK,New York/Newark     NY,*,Portland            OR,1,0,1,0,1,0,0,1,1.77,3,2548.462025,"$32,991.00","$26,409.00",8621121,249561,2444,4455,$302.33
381,LGA,New York/Newark     NY,*,Portland            OR,1,0,1,0,1,0,0,1,1.77,3,2548.462025,"$32,991.00","$26,409.00",8621121,249561,2444,4455,$302.33
382,EWR,New York/Newark     NY,*,Portland            OR,1,0,1,0,0,1,1,0,1.77,1,2548.462025,"$32,991.00","$26,409.00",8621121,249561,2444,4455,$302.33
383,*,Oakland             CA,*,Portland            OR,1,0,0,1,0,1,0,1,1.01,3,5281.562,"$29,846.00","$26,409.00",2237227,249561,543,10016,$63.76
384,*,Phoenix             AZ,*,Portland            OR,1,0,0,1,0,1,0,1,1.31,3,2710.383251,"$23,025.00","$26,409.00",2753373,249561,1001,8292,$114.95
385,*,Sacramento          CA,*,Portland            OR,1,0,0,1,0,1,0,1,1.04,3,5198.854033,"$24,236.00","$26,409.00",1481076,249561,485,7070,$65.80
386,*,Salt Lake City      UT,*,Portland            OR,1,0,0,1,0,1,0,1,1.03,3,5680.533864,"$21,121.00","$26,409.00",1228816,249561,633,6602,$79.48
387,*,San Diego           CA,*,Portland            OR,1,0,0,1,0,1,0,1,1.26,3,4876.684471,"$23,903.00","$26,409.00",2673620,249561,933,6302,$96.58
388,*,San Francisco       CA,*,Portland            OR,1,0,1,0,0,1,0,1,1.01,3,5144.169116,"$38,813.00","$26,409.00",1653017,249561,542,13527,$68.41
389,*,San Jose            CA,*,Portland            OR,1,0,0,1,0,1,0,1,1,3,4730.960149,"$34,880.00","$26,409.00",1594251,249561,569,11593,$65.84
390,*,Seattle/Tacoma      WA,*,Portland            OR,1,0,1,0,0,1,0,1,1,0,6397.404173,"$30,916.00","$26,409.00",2230831,249561,135,11415,$88.46
391,*,Spokane             WA,*,Portland            OR,1,0,0,1,0,1,0,1,1.01,3,5020.719363,"$21,300.00","$26,409.00",403939,249561,281,6760,$50.38
392,*,Baltimore/Wash Intl MD,*,Providence          RI,1,0,1,0,0,1,0,1,1.11,2,9129.663371,"$29,838.00","$24,205.00",29838,905329,328,1504,$176.88
393,ORD,Chicago             IL,*,Providence          RI,1,0,1,0,1,0,0,1,1.11,3,4124.547463,"$29,260.00","$24,205.00",7830332,905329,842,2874,$219.38
394,MDW,Chicago             IL,*,Providence          RI,1,0,1,0,0,1,0,1,1.11,2,4124.547463,"$29,260.00","$24,205.00",7830332,905329,842,2874,$219.38
395,JFK,New York/Newark     NY,*,Providence          RI,1,0,1,0,1,0,0,1,1,3,4449.75788,"$32,991.00","$24,205.00",8621121,905329,147,4158,$106.29
396,LGA,New York/Newark     NY,*,Providence          RI,1,0,1,0,1,0,0,1,1,3,4449.75788,"$32,991.00","$24,205.00",8621121,905329,147,4158,$106.29
397,EWR,New York/Newark     NY,*,Providence          RI,1,0,1,0,0,1,1,0,1,3,4449.75788,"$32,991.00","$24,205.00",8621121,905329,147,4158,$106.29
398,*,Orlando             FL,*,Providence          RI,0,1,1,0,0,1,0,1,1.55,2,3087.270205,"$22,360.00","$24,205.00",1421287,905329,1075,4771,$108.96
399,*,Atlanta             GA,*,Raleigh/Durham      NC,1,0,1,0,0,1,0,1,1.03,3,7046.11498,"$26,993.00","$26,101.00",3532657,1021830,356,9307,$123.44
400,*,Boston              MA,*,Raleigh/Durham      NC,1,0,1,0,0,1,0,1,1.26,3,4542.832183,"$30,124.00","$26,101.00",5787293,1021830,606,5598,$140.07
401,ORD,Chicago             IL,*,Raleigh/Durham      NC,1,0,1,0,1,0,0,1,1.12,3,4579.823949,"$29,260.00","$26,101.00",7830332,1021830,636,6123,$193.67
402,MDW,Chicago             IL,*,Raleigh/Durham      NC,1,0,1,0,0,1,0,1,1.12,3,4579.823949,"$29,260.00","$26,101.00",7830332,1021830,636,6123,$193.67
403,*,Dallas/Fort Worth   TX,*,Raleigh/Durham      NC,1,0,1,0,0,1,0,1,1.19,3,7617.690001,"$28,637.00","$26,101.00",3036732,1021830,1065,4285,$230.56
404,JFK,New York/Newark     NY,*,Raleigh/Durham      NC,1,0,1,0,1,0,0,1,1.06,3,3474.227895,"$32,991.00","$26,101.00",8621121,1021830,426,12883,$154.73
405,LGA,New York/Newark     NY,*,Raleigh/Durham      NC,1,0,1,0,1,0,0,1,1.06,3,3474.227895,"$32,991.00","$26,101.00",8621121,1021830,426,12883,$154.73
406,EWR,New York/Newark     NY,*,Raleigh/Durham      NC,1,0,1,0,0,1,1,0,1.06,3,3474.227895,"$32,991.00","$26,101.00",8621121,1021830,426,12883,$154.73
407,*,Philadelphia/Camden PA,*,Raleigh/Durham      NC,1,0,1,0,0,1,0,1,1.02,3,5317.359565,"$27,994.00","$26,101.00",4948339,1021830,346,4288,$144.86
408,IAD,Washington          DC,*,Raleigh/Durham      NC,1,0,1,0,0,1,0,1,1.01,3,3266.440988,"$31,981.00","$26,101.00",4549784,1021830,225,7241,$109.44
409,DCA,Washington          DC,*,Raleigh/Durham      NC,1,0,1,0,1,0,0,1,1.01,3,3266.440988,"$31,981.00","$26,101.00",4549784,1021830,225,7241,$109.44
410,ORD,Chicago             IL,*,Reno                NV,0,1,1,0,1,0,0,1,1.41,3,4014.792118,"$29,260.00","$29,284.00",7830332,298680,1680,3926,$125.90
411,MDW,Chicago             IL,*,Reno                NV,0,1,1,0,0,1,0,1,1.41,3,4014.792118,"$29,260.00","$29,284.00",7830332,298680,1680,3926,$125.90
412,*,Las Vegas           NV,*,Reno                NV,0,1,0,1,0,1,0,1,1,3,5182.368319,"$24,575.00","$29,284.00",1197234,298680,344,13102,$54.38
413,*,Los Angeles         CA,*,Reno                NV,0,1,0,1,0,1,0,1,1.09,3,5265.154269,"$24,706.00","$29,284.00",9056076,298680,388,10213,$60.28
414,*,Oakland             CA,*,Reno                NV,0,1,0,1,0,1,0,1,1,3,10000,"$29,846.00","$29,284.00",2237227,298680,180,5220,$47.85
415,*,Phoenix             AZ,*,Reno                NV,0,1,0,1,0,1,0,1,1.07,3,4860.357051,"$23,025.00","$29,284.00",2753373,298680,592,4517,$72.42
416,*,Portland            OR,*,Reno                NV,0,1,0,1,0,1,0,1,1.06,3,5296.514339,"$26,409.00","$29,284.00",249561,298680,444,9368,$44.89
417,*,San Diego           CA,*,Reno                NV,0,1,0,1,0,1,0,1,1.15,3,5550.559623,"$23,903.00","$29,284.00",2673620,298680,488,3958,$68.59
418,*,San Jose            CA,*,Reno                NV,0,1,0,1,0,1,0,1,1,3,5454.194585,"$34,880.00","$29,284.00",1594251,298680,188,6394,$42.47
419,*,Seattle/Tacoma      WA,*,Reno                NV,0,1,0,1,0,1,0,1,1.02,3,3802.735798,"$30,916.00","$29,284.00",2230831,298680,569,14609,$45.11
420,JFK,New York/Newark     NY,*,Richmond (Intl)     VA,1,0,1,0,1,0,0,1,1.04,3,5006.447847,"$32,991.00","$26,553.00",8621121,936107,287,4472,$218.54
421,LGA,New York/Newark     NY,*,Richmond (Intl)     VA,1,0,1,0,1,0,0,1,1.04,3,5006.447847,"$32,991.00","$26,553.00",8621121,936107,287,4472,$218.54
422,EWR,New York/Newark     NY,*,Richmond (Intl)     VA,1,0,1,0,0,1,1,0,1.04,3,5006.447847,"$32,991.00","$26,553.00",8621121,936107,287,4472,$218.54
423,JFK,New York/Newark     NY,*,Rochester           NY,1,0,1,0,1,0,0,1,1.01,3,3428.640158,"$32,991.00","$26,044.00",8621121,113091,254,8469,$127.38
424,LGA,New York/Newark     NY,*,Rochester           NY,1,0,1,0,1,0,0,1,1.01,3,3428.640158,"$32,991.00","$26,044.00",8621121,113091,254,8469,$127.38
425,EWR,New York/Newark     NY,*,Rochester           NY,1,0,1,0,0,1,1,0,1.01,3,3428.640158,"$32,991.00","$26,044.00",8621121,113091,254,8469,$127.38
426,*,Burbank             CA,*,Sacramento          CA,1,0,0,1,0,1,0,1,1.01,3,9819.5561,"$24,706.00","$24,236.00",9056076,1481076,349,15444,$52.53
427,*,Las Vegas           NV,*,Sacramento          CA,0,1,0,1,0,1,0,1,1.18,3,8072.256517,"$24,575.00","$24,236.00",1197234,1481076,387,7985,$56.91
428,*,Los Angeles         CA,*,Sacramento          CA,1,0,0,1,0,1,0,1,1.01,3,4729.105277,"$24,706.00","$24,236.00",9056076,1481076,361,18833,$56.79
429,*,Phoenix             AZ,*,Sacramento          CA,1,0,0,1,0,1,0,1,1.1,3,4450.66573,"$23,025.00","$24,236.00",2753373,1481076,629,7007,$78.67
430,*,San Diego           CA,*,Sacramento          CA,1,0,0,1,0,1,0,1,1.02,3,9130.734614,"$23,903.00","$24,236.00",2673620,1481076,472,15062,$57.57
431,*,Seattle/Tacoma      WA,*,Sacramento          CA,1,0,0,1,0,1,0,1,1.03,3,5889.767136,"$30,916.00","$24,236.00",2230831,1481076,618,10303,$64.39
432,*,Atlanta             GA,*,Salt Lake City      UT,1,0,1,0,0,1,0,1,1.46,3,6749.122107,"$26,993.00","$21,121.00",3532657,1228816,1588,4644,$179.13
433,ORD,Chicago             IL,*,Salt Lake City      UT,1,0,0,1,1,0,0,1,1.22,3,2711.422267,"$29,260.00","$21,121.00",7830332,1228816,1259,5763,$185.65
434,MDW,Chicago             IL,*,Salt Lake City      UT,1,0,0,1,0,1,0,1,1.22,3,2711.422267,"$29,260.00","$21,121.00",7830332,1228816,1259,5763,$185.65
435,*,Denver              CO,*,Salt Lake City      UT,1,0,1,0,0,1,0,1,1,3,2587.577316,"$29,055.00","$21,121.00",1862106,1228816,388,12994,$69.60
436,*,Las Vegas           NV,*,Salt Lake City      UT,0,1,0,1,0,1,0,1,1.01,3,3935.005174,"$24,575.00","$21,121.00",1197234,1228816,359,10349,$57.40
437,*,Los Angeles         CA,*,Salt Lake City      UT,1,0,0,1,0,1,0,1,1.05,3,5089.745449,"$24,706.00","$21,121.00",9056076,1228816,584,17617,$66.46
438,JFK,New York/Newark     NY,*,Salt Lake City      UT,1,0,1,0,1,0,0,1,1.64,3,3863.499029,"$32,991.00","$21,121.00",8621121,1228816,1982,4739,$259.32
439,LGA,New York/Newark     NY,*,Salt Lake City      UT,1,0,1,0,1,0,0,1,1.64,3,3863.499029,"$32,991.00","$21,121.00",8621121,1228816,1982,4739,$259.32
440,EWR,New York/Newark     NY,*,Salt Lake City      UT,1,0,1,0,0,1,1,0,1.64,1,3863.499029,"$32,991.00","$21,121.00",8621121,1228816,1982,4739,$259.32
441,*,Oakland             CA,*,Salt Lake City      UT,1,0,0,1,0,1,0,1,1,1,5218.377928,"$29,846.00","$21,121.00",2237227,1228816,586,6460,$69.95
442,*,Phoenix             AZ,*,Salt Lake City      UT,1,0,0,1,0,1,0,1,1.01,3,3570.781383,"$23,025.00","$21,121.00",2753373,1228816,495,12447,$73.69
443,*,Sacramento          CA,*,Salt Lake City      UT,1,0,0,1,0,1,0,1,1.05,1,6050.649525,"$24,236.00","$21,121.00",1481076,1228816,525,4176,$72.22
444,*,San Diego           CA,*,Salt Lake City      UT,1,0,0,1,0,1,0,1,1.06,3,5193.606944,"$23,903.00","$21,121.00",2673620,1228816,617,6671,$65.91
445,*,San Francisco       CA,*,Salt Lake City      UT,1,0,1,0,0,1,0,1,1.02,3,4491.651563,"$38,813.00","$21,121.00",1653017,1228816,593,6213,$85.19
446,*,Seattle/Tacoma      WA,*,Salt Lake City      UT,1,0,0,1,0,1,0,1,1.03,3,5135.884368,"$30,916.00","$21,121.00",2230831,1228816,696,9201,$78.30
447,ORD,Chicago             IL,*,San Antonio         TX,1,0,0,1,1,0,0,1,1.28,3,3262.148046,"$29,260.00","$21,276.00",7830332,1481709,1038,6233,$128.36
448,MDW,Chicago             IL,*,San Antonio         TX,1,0,0,1,0,1,0,1,1.28,3,3262.148046,"$29,260.00","$21,276.00",7830332,1481709,1038,6233,$128.36
449,*,Dallas/Fort Worth   TX,*,San Antonio         TX,1,0,0,1,0,1,0,1,1.01,3,5130.286747,"$28,637.00","$21,276.00",3036732,1481709,242,22163,$63.69
450,*,Houston             TX,*,San Antonio         TX,1,0,0,1,0,1,0,1,1,3,5751.815143,"$27,211.00","$21,276.00",3770125,1481709,177,10581,$63.92
451,*,Las Vegas           NV,*,San Antonio         TX,0,1,0,1,0,1,0,1,1.3,3,5553.156143,"$24,575.00","$21,276.00",1197234,1481709,1074,6756,$86.71
452,*,Los Angeles         CA,*,San Antonio         TX,1,0,0,1,0,1,0,1,1.42,3,2909.148845,"$24,706.00","$21,276.00",9056076,1481709,1218,4620,$130.09
453,JFK,New York/Newark     NY,*,San Antonio         TX,1,0,1,0,1,0,0,1,1.78,3,2905.974705,"$32,991.00","$21,276.00",8621121,1481709,1577,3732,$273.53
454,LGA,New York/Newark     NY,*,San Antonio         TX,1,0,1,0,1,0,0,1,1.78,3,2905.974705,"$32,991.00","$21,276.00",8621121,1481709,1577,3732,$273.53
455,EWR,New York/Newark     NY,*,San Antonio         TX,1,0,1,0,0,1,1,0,1.78,3,2905.974705,"$32,991.00","$21,276.00",8621121,1481709,1577,3732,$273.53
456,*,Orlando             FL,*,San Antonio         TX,0,1,0,1,0,1,0,1,1.6,2,2366.3644,"$22,360.00","$21,276.00",1421287,1481709,1032,2978,$118.17
457,*,Atlanta             GA,*,San Diego           CA,1,0,1,0,0,1,0,1,1.44,3,5011.877804,"$26,993.00","$23,903.00",3532657,2673620,1886,4445,$204.35
458,*,Boston              MA,*,San Diego           CA,1,0,1,0,0,1,0,1,1.94,3,1888.302948,"$30,124.00","$23,903.00",5787293,2673620,2576,3987,$291.51
459,ORD,Chicago             IL,*,San Diego           CA,1,0,0,1,1,0,0,1,1.27,1,2863.202497,"$29,260.00","$23,903.00",7830332,2673620,1724,9252,$219.63
460,MDW,Chicago             IL,*,San Diego           CA,1,0,0,1,0,1,0,1,1.27,3,2863.202497,"$29,260.00","$23,903.00",7830332,2673620,1724,9252,$219.63
461,*,Dallas/Fort Worth   TX,*,San Diego           CA,1,0,1,0,0,1,0,1,1.18,3,5570.803174,"$28,637.00","$23,903.00",3036732,2673620,1163,4596,$252.97
462,*,Denver              CO,*,San Diego           CA,1,0,1,0,0,1,0,1,1.2,3,6496.302339,"$29,055.00","$23,903.00",1862106,2673620,840,6901,$134.79
463,*,Las Vegas           NV,*,San Diego           CA,0,1,0,1,0,1,0,1,1.01,0,6906.754346,"$24,575.00","$23,903.00",1197234,2673620,258,17966,$53.14
464,*,Los Angeles         CA,*,San Diego           CA,1,0,1,0,0,1,0,1,1,3,3105.312203,"$24,706.00","$23,903.00",9056076,2673620,114,6446,$70.41
465,*,Los Angeles         CA,*,San Diego           CA,1,0,1,0,0,1,0,1,1,3,3105.312203,"$24,706.00","$23,903.00",9056076,2673620,114,6446,$70.41
466,*,Minneapolis/St Paul MN,*,San Diego           CA,1,0,1,0,0,1,1,0,1.3,3,5472.065301,"$28,739.00","$23,903.00",2761118,2673620,1532,3066,$251.73
467,JFK,New York/Newark     NY,*,San Diego           CA,1,0,1,0,1,0,0,1,1.57,3,2313.603584,"$32,991.00","$23,903.00",8621121,2673620,2433,9343,$299.17
468,LGA,New York/Newark     NY,*,San Diego           CA,1,0,1,0,1,0,0,1,1.57,3,2313.603584,"$32,991.00","$23,903.00",8621121,2673620,2433,9343,$299.17
469,EWR,New York/Newark     NY,*,San Diego           CA,1,0,1,0,0,1,1,0,1.57,1,2313.603584,"$32,991.00","$23,903.00",8621121,2673620,2433,9343,$299.17
470,*,Oakland             CA,*,San Diego           CA,1,0,0,1,0,1,0,1,1.02,3,9588.086502,"$29,846.00","$23,903.00",2237227,2673620,448,16226,$57.29
471,*,Phoenix             AZ,*,San Diego           CA,1,0,0,1,0,1,0,1,1.01,3,5918.841329,"$23,025.00","$23,903.00",2753373,2673620,295,20653,$50.10
472,*,San Francisco       CA,*,San Diego           CA,1,0,0,1,0,1,0,1,1.02,3,5101.828898,"$38,813.00","$23,903.00",1653017,2673620,455,27906,$58.68
473,*,Seattle/Tacoma      WA,*,San Diego           CA,1,0,0,1,0,1,0,1,1.26,3,5588.715512,"$30,916.00","$23,903.00",2230831,2673620,1056,11396,$100.80
474,*,Atlanta             GA,*,San Francisco       CA,1,0,1,0,0,1,0,1,1.36,3,5492.599331,"$26,993.00","$38,813.00",3532657,1653017,2137,10112,$248.49
475,*,Boston              MA,*,San Francisco       CA,1,0,1,0,0,1,0,1,1.39,3,5559.43255,"$30,124.00","$38,813.00",5787293,1653017,2694,16050,$367.72
476,*,Burbank             CA,*,San Francisco       CA,1,0,1,0,0,1,0,1,1,3,9978.485632,"$24,706.00","$38,813.00",9056076,1653017,332,14363,$83.74
477,ORD,Chicago             IL,*,San Francisco       CA,1,0,1,0,1,0,0,1,1.2,3,5068.532206,"$29,260.00","$38,813.00",7830332,1653017,1851,20831,$291.66
478,MDW,Chicago             IL,*,San Francisco       CA,1,0,1,0,0,1,0,1,1.2,3,5068.532206,"$29,260.00","$38,813.00",7830332,1653017,1851,20831,$291.66
479,*,Dallas/Fort Worth   TX,*,San Francisco       CA,1,0,1,0,0,1,0,1,1.24,3,4935.183463,"$28,637.00","$38,813.00",3036732,1653017,1463,7537,$297.83
480,*,Denver              CO,*,San Francisco       CA,1,0,1,0,0,1,0,1,1.09,3,7251.372448,"$29,055.00","$38,813.00",1862106,1653017,960,15039,$168.96
481,*,Detroit             MI,*,San Francisco       CA,1,0,1,0,0,1,1,0,1.37,3,5583.016254,"$26,506.00","$38,813.00",4459144,1653017,2084,4913,$314.88
482,*,Houston             TX,*,San Francisco       CA,1,0,0,1,0,1,0,1,1.26,3,4745.300669,"$27,211.00","$38,813.00",3770125,1653017,1637,7341,$241.04
483,*,Kansas City         MO,*,San Francisco       CA,1,0,1,0,0,1,0,1,1.35,3,2024.970308,"$25,450.00","$38,813.00",1694803,1653017,1500,6158,$116.52
484,*,Las Vegas           NV,*,San Francisco       CA,0,1,0,1,0,1,0,1,1.06,3,4548.613398,"$24,575.00","$38,813.00",1197234,1653017,416,17840,$72.58
485,*,Los Angeles         CA,*,San Francisco       CA,1,0,1,0,0,1,0,1,1.02,3,7664.026329,"$24,706.00","$38,813.00",9056076,1653017,341,43671,$79.23
486,*,Miami               FL,*,San Francisco       CA,0,1,1,0,0,1,0,1,1.43,3,4074.103822,"$21,207.00","$38,813.00",2105604,1653017,2579,4583,$261.67
487,*,Minneapolis/St Paul MN,*,San Francisco       CA,1,0,1,0,0,1,1,0,1.19,3,6902.154803,"$28,739.00","$38,813.00",2761118,1653017,1589,8881,$224.17
488,JFK,New York/Newark     NY,*,San Francisco       CA,1,0,1,0,1,0,0,1,1.24,3,3362.858857,"$32,991.00","$38,813.00",8621121,1653017,2574,41492,$374.40
489,LGA,New York/Newark     NY,*,San Francisco       CA,1,0,1,0,1,0,0,1,1.24,3,3362.858857,"$32,991.00","$38,813.00",8621121,1653017,2574,41492,$374.40
490,EWR,New York/Newark     NY,*,San Francisco       CA,1,0,1,0,0,1,1,0,1.24,3,3362.858857,"$32,991.00","$38,813.00",8621121,1653017,2574,41492,$374.40
491,*,Orlando             FL,*,San Francisco       CA,0,1,1,0,0,1,0,1,1.66,3,2638.871141,"$22,360.00","$38,813.00",1421287,1653017,2443,4799,$261.74
492,*,Philadelphia/Camden PA,*,San Francisco       CA,1,0,1,0,0,1,0,1,1.41,3,3516.9699,"$27,994.00","$38,813.00",4948339,1653017,2523,8081,$326.76
493,*,Phoenix             AZ,*,San Francisco       CA,1,0,0,1,0,1,0,1,1.03,3,3405.746505,"$23,025.00","$38,813.00",2753373,1653017,646,14400,$85.52
494,*,Seattle/Tacoma      WA,*,San Francisco       CA,1,0,1,0,0,1,0,1,1.02,3,5124.224798,"$30,916.00","$38,813.00",2230831,1653017,676,20727,$81.28
495,*,Austin              TX,*,San Jose            CA,1,0,0,1,0,1,0,1,1.17,3,7262.648688,"$23,665.00","$34,880.00",1038660,1594251,1473,4071,$200.41
496,*,Boston              MA,*,San Jose            CA,1,0,1,0,0,1,0,1,1.53,3,5155.470714,"$30,124.00","$34,880.00",5787293,1594251,2682,3677,$402.02
497,*,Burbank             CA,*,San Jose            CA,1,0,0,1,0,1,0,1,1,3,9986.318727,"$24,706.00","$34,880.00",9056076,1594251,296,10770,$59.80
498,ORD,Chicago             IL,*,San Jose            CA,1,0,1,0,1,0,0,1,1.27,3,3654.112697,"$29,260.00","$34,880.00",7830332,1594251,1837,4600,$294.18
499,MDW,Chicago             IL,*,San Jose            CA,1,0,1,0,0,1,0,1,1.27,3,3654.112697,"$29,260.00","$34,880.00",7830332,1594251,1837,4600,$294.18
500,*,Dallas/Fort Worth   TX,*,San Jose            CA,1,0,1,0,0,1,0,1,1.12,3,7516.354827,"$28,637.00","$34,880.00",3036732,1594251,1436,4799,$325.02
501,*,Denver              CO,*,San Jose            CA,1,0,1,0,0,1,0,1,1.18,3,8142.602873,"$29,055.00","$34,880.00",1862106,1594251,943,4166,$263.48
502,*,Las Vegas           NV,*,San Jose            CA,0,1,0,1,0,1,0,1,1.01,3,5472.43406,"$24,575.00","$34,880.00",1197234,1594251,387,13378,$55.16
503,*,Los Angeles         CA,*,San Jose            CA,1,0,0,1,0,1,0,1,1,3,4636.253445,"$24,706.00","$34,880.00",9056076,1594251,305,26888,$58.98
504,*,Phoenix             AZ,*,San Jose            CA,1,0,0,1,0,1,0,1,1.05,3,5108.012526,"$23,025.00","$34,880.00",2753373,1594251,614,10131,$92.57
505,*,San Diego           CA,*,San Jose            CA,1,0,0,1,0,1,0,1,1,3,4956.269525,"$23,903.00","$34,880.00",2673620,1594251,419,17034,$63.39
506,*,Seattle/Tacoma      WA,*,San Jose            CA,1,0,0,1,0,1,0,1,1.02,3,5201.64848,"$30,916.00","$34,880.00",2230831,1594251,702,15072,$63.30
507,JFK,New York/Newark     NY,*,Sarasota/Bradenton  FL,0,1,1,0,1,0,0,1,1.37,3,3787.292851,"$32,991.00","$30,460.00",8621121,528868,1042,4028,$137.25
508,LGA,New York/Newark     NY,*,Sarasota/Bradenton  FL,0,1,1,0,1,0,0,1,1.37,1,3787.292851,"$32,991.00","$30,460.00",8621121,528868,1042,4028,$137.25
509,EWR,New York/Newark     NY,*,Sarasota/Bradenton  FL,0,1,1,0,0,1,1,0,1.37,3,3787.292851,"$32,991.00","$30,460.00",8621121,528868,1042,4028,$137.25
510,*,Anchorage           AK,*,Seattle/Tacoma      WA,1,0,1,0,0,1,0,1,1.02,3,6372.589251,"$28,690.00","$30,916.00",249642,2230831,1443,14474,$142.83
511,*,Atlanta             GA,*,Seattle/Tacoma      WA,1,0,1,0,0,1,0,1,1.47,3,5090.584092,"$26,993.00","$30,916.00",3532657,2230831,2182,6124,$200.20
512,*,Boston              MA,*,Seattle/Tacoma      WA,1,0,1,0,0,1,0,1,1.59,3,2705.026441,"$30,124.00","$30,916.00",5787293,2230831,2489,4560,$297.61
513,*,Burbank             CA,*,Seattle/Tacoma      WA,1,0,0,1,0,1,0,1,1.11,3,6039.760656,"$24,706.00","$30,916.00",9056076,2230831,943,5638,$97.46
514,ORD,Chicago             IL,*,Seattle/Tacoma      WA,1,0,1,0,1,0,0,1,1.25,1,4148.557379,"$29,260.00","$30,916.00",7830332,2230831,1731,10343,$260.16
515,MDW,Chicago             IL,*,Seattle/Tacoma      WA,1,0,1,0,0,1,0,1,1.25,3,4148.557379,"$29,260.00","$30,916.00",7830332,2230831,1731,10343,$260.16
516,*,Dallas/Fort Worth   TX,*,Seattle/Tacoma      WA,1,0,1,0,0,1,0,1,1.23,3,4487.067627,"$28,637.00","$30,916.00",3036732,2230831,1662,6482,$239.66
517,*,Denver              CO,*,Seattle/Tacoma      WA,1,0,1,0,0,1,0,1,1.14,3,6825.488382,"$29,055.00","$30,916.00",1862106,2230831,1028,9760,$169.92
518,*,Detroit             MI,*,Seattle/Tacoma      WA,1,0,1,0,0,1,1,0,1.42,3,5870.664159,"$26,506.00","$30,916.00",4459144,2230831,1932,2575,$285.34
519,*,Las Vegas           NV,*,Seattle/Tacoma      WA,0,1,0,1,0,1,0,1,1.16,3,2781.55356,"$24,575.00","$30,916.00",1197234,2230831,869,15887,$70.16
520,*,Los Angeles         CA,*,Seattle/Tacoma      WA,1,0,0,1,0,1,0,1,1.08,3,3905.343426,"$24,706.00","$30,916.00",9056076,2230831,957,28988,$101.64
521,*,Minneapolis/St Paul MN,*,Seattle/Tacoma      WA,1,0,1,0,0,1,1,0,1.13,3,7845.919243,"$28,739.00","$30,916.00",2761118,2230831,1402,6907,$186.96
522,JFK,New York/Newark     NY,*,Seattle/Tacoma      WA,1,0,1,0,1,0,0,1,1.52,1,2019.980267,"$32,991.00","$30,916.00",8621121,2230831,2411,10125,$289.25
523,LGA,New York/Newark     NY,*,Seattle/Tacoma      WA,1,0,1,0,1,0,0,1,1.52,3,2019.980267,"$32,991.00","$30,916.00",8621121,2230831,2411,10125,$289.25
524,EWR,New York/Newark     NY,*,Seattle/Tacoma      WA,1,0,1,0,0,1,1,0,1.52,1,2019.980267,"$32,991.00","$30,916.00",8621121,2230831,2411,10125,$289.25
525,*,Oakland             CA,*,Seattle/Tacoma      WA,1,0,0,1,0,1,0,1,1.02,3,5328.848823,"$29,846.00","$30,916.00",2237227,2230831,677,17497,$63.06
526,*,Orlando             FL,*,Seattle/Tacoma      WA,0,1,1,0,0,1,0,1,1.88,3,2012.45964,"$22,360.00","$30,916.00",1421287,2230831,2553,3183,$238.73
527,*,Phoenix             AZ,*,Seattle/Tacoma      WA,1,0,0,1,0,1,0,1,1.22,3,2963.012477,"$23,025.00","$30,916.00",2753373,2230831,1103,13153,$110.00
528,*,Seattle/Tacoma      WA,*,Spokane             WA,1,0,0,1,0,1,0,1,1,3,5552.011686,"$30,916.00","$21,300.00",2230831,403939,225,16507,$51.30
529,*,Atlanta             GA,*,St Louis            MO,1,0,1,0,0,1,0,1,1.07,3,4636.003768,"$26,993.00","$25,824.00",3532657,2549844,471,5303,$199.80
530,ORD,Chicago             IL,*,St Louis            MO,1,0,0,1,1,0,0,1,1,3,3042.248191,"$29,260.00","$25,824.00",7830332,2549844,257,24362,$76.96
531,MDW,Chicago             IL,*,St Louis            MO,1,0,0,1,0,1,0,1,1,3,3042.248191,"$29,260.00","$25,824.00",7830332,2549844,257,24362,$76.96
532,*,Cleveland           OH,*,St Louis            MO,1,0,0,1,0,1,0,1,1.04,3,3642.392809,"$26,046.00","$25,824.00",2230955,2549844,492,5629,$77.62
533,*,Dallas/Fort Worth   TX,*,St Louis            MO,1,0,1,0,0,1,0,1,1.06,3,4803.130643,"$28,637.00","$25,824.00",3036732,2549844,556,7478,$188.11
534,*,Denver              CO,*,St Louis            MO,1,0,1,0,0,1,0,1,1.08,3,4128.599529,"$29,055.00","$25,824.00",1862106,2549844,785,4186,$207.17
535,*,Detroit             MI,*,St Louis            MO,1,0,0,1,0,1,1,0,1.02,3,3363.804819,"$26,506.00","$25,824.00",4459144,2549844,447,10298,$77.46
536,*,Houston             TX,*,St Louis            MO,1,0,0,1,0,1,0,1,1.03,3,3467.695639,"$27,211.00","$25,824.00",3770125,2549844,682,7785,$105.13
537,*,Kansas City         MO,*,St Louis            MO,1,0,0,1,0,1,0,1,1,3,5034.178293,"$25,450.00","$25,824.00",1694803,2549844,244,9784,$56.80
538,*,Las Vegas           NV,*,St Louis            MO,0,1,0,1,0,1,0,1,1.28,3,3699.423728,"$24,575.00","$25,824.00",1197234,2549844,1379,4971,$141.48
539,*,Los Angeles         CA,*,St Louis            MO,1,0,0,1,0,1,0,1,1.28,3,5138.00847,"$24,706.00","$25,824.00",9056076,2549844,1602,6165,$210.16
540,*,Minneapolis/St Paul MN,*,St Louis            MO,1,0,1,0,0,1,1,0,1.03,3,4901.101337,"$28,739.00","$25,824.00",2761118,2549844,457,4826,$202.77
541,JFK,New York/Newark     NY,*,St Louis            MO,1,0,1,0,1,0,0,1,1.16,3,6275.60641,"$32,991.00","$25,824.00",8621121,2549844,877,10816,$261.63
542,LGA,New York/Newark     NY,*,St Louis            MO,1,0,1,0,1,0,0,1,1.16,3,6275.60641,"$32,991.00","$25,824.00",8621121,2549844,877,10816,$261.63
543,EWR,New York/Newark     NY,*,St Louis            MO,1,0,1,0,0,1,1,0,1.16,3,6275.60641,"$32,991.00","$25,824.00",8621121,2549844,877,10816,$261.63
544,*,Orlando             FL,*,St Louis            MO,0,1,0,1,0,1,0,1,1.29,3,4708.441389,"$22,360.00","$25,824.00",1421287,2549844,869,6082,$142.98
545,*,Phoenix             AZ,*,St Louis            MO,1,0,0,1,0,1,0,1,1.07,3,3503.222125,"$23,025.00","$25,824.00",2753373,2549844,1272,5830,$137.20
546,JFK,New York/Newark     NY,*,Syracuse            NY,1,0,1,0,1,0,0,1,1,3,2806.915805,"$32,991.00","$22,069.00",8621121,743633,199,5275,$120.84
547,LGA,New York/Newark     NY,*,Syracuse            NY,1,0,1,0,1,0,0,1,1,3,2806.915805,"$32,991.00","$22,069.00",8621121,743633,199,5275,$120.84
548,EWR,New York/Newark     NY,*,Syracuse            NY,1,0,1,0,0,1,1,0,1,3,2806.915805,"$32,991.00","$22,069.00",8621121,743633,199,5275,$120.84
549,*,Orlando             FL,*,Syracuse            NY,0,1,1,0,0,1,0,1,1.55,3,3503.113716,"$22,360.00","$22,069.00",1421287,743633,1054,3861,$119.90
550,*,Miami               FL,*,Tallahassee         FL,0,1,1,0,0,1,0,1,1.04,3,3375.369546,"$21,207.00","$21,002.00",2105604,258019,399,2789,$105.45
551,*,Atlanta             GA,*,Tampa               FL,0,1,1,0,0,1,0,1,1.01,3,4891.840077,"$26,993.00","$23,654.00",3532657,2195215,414,17437,$87.35
552,*,Boston              MA,*,Tampa               FL,0,1,1,0,0,1,0,1,1.27,3,2982.623462,"$30,124.00","$23,654.00",5787293,2195215,1183,10673,$124.82
553,ORD,Chicago             IL,*,Tampa               FL,0,1,0,1,1,0,0,1,1.14,3,2260.166436,"$29,260.00","$23,654.00",7830332,2195215,1008,17160,$127.06
554,MDW,Chicago             IL,*,Tampa               FL,0,1,0,1,0,1,0,1,1.14,3,2260.166436,"$29,260.00","$23,654.00",7830332,2195215,1008,17160,$127.06
555,*,Columbus            OH,*,Tampa               FL,0,1,0,1,0,1,0,1,1.55,3,2553.165025,"$24,502.00","$23,654.00",125722,2195215,834,4587,$106.65
556,*,Dallas/Fort Worth   TX,*,Tampa               FL,0,1,1,0,0,1,0,1,1.13,3,5565.53844,"$28,637.00","$23,654.00",3036732,2195215,936,5196,$200.69
557,*,Detroit             MI,*,Tampa               FL,0,1,1,0,0,1,1,0,1.17,3,4984.076861,"$26,506.00","$23,654.00",4459144,2195215,994,10640,$107.51
558,*,Fort Lauderdale     FL,*,Tampa               FL,0,1,0,1,0,1,0,1,1,3,3692.279314,"$26,752.00","$23,654.00",1440377,2195215,187,13264,$46.32
559,*,Hartford            CT,*,Tampa               FL,0,1,1,0,0,1,0,1,1.44,3,4633.509822,"$30,268.00","$23,654.00",1106780,2195215,1108,4410,$125.25
560,*,Las Vegas           NV,*,Tampa               FL,0,1,0,1,0,1,0,1,1.67,3,2238.077039,"$24,575.00","$23,654.00",1197234,2195215,1989,3905,$128.97
561,*,Los Angeles         CA,*,Tampa               FL,0,1,1,0,0,1,0,1,1.61,3,3873.0015,"$24,706.00","$23,654.00",9056076,2195215,2164,4065,$224.21
562,*,Miami               FL,*,Tampa               FL,0,1,1,0,0,1,0,1,1,3,5791.781215,"$21,207.00","$23,654.00",2105604,2195215,194,7464,$85.62
563,JFK,New York/Newark     NY,*,Tampa               FL,0,1,1,0,1,0,0,1,1.1,3,2422.983649,"$32,991.00","$23,654.00",8621121,2195215,1009,27103,$123.89
564,LGA,New York/Newark     NY,*,Tampa               FL,0,1,1,0,1,0,0,1,1.1,3,2422.983649,"$32,991.00","$23,654.00",8621121,2195215,1009,27103,$123.89
565,EWR,New York/Newark     NY,*,Tampa               FL,0,1,1,0,0,1,1,0,1.1,0,2422.983649,"$32,991.00","$23,654.00",8621121,2195215,1009,27103,$123.89
566,*,Philadelphia/Camden PA,*,Tampa               FL,0,1,1,0,0,1,0,1,1.15,3,6172.241633,"$27,994.00","$23,654.00",4948339,2195215,932,8064,$122.99
567,*,Pittsburgh          PA,*,Tampa               FL,0,1,1,0,0,1,1,0,1.29,3,7105.011318,"$25,054.00","$23,654.00",2374260,2195215,874,4715,$119.84
568,*,St Louis            MO,*,Tampa               FL,0,1,0,1,0,1,0,1,1.19,3,4136.634218,"$25,824.00","$23,654.00",2549844,2195215,865,4749,$135.76
569,*,Las Vegas           NV,*,Tucson              AZ,0,1,0,1,0,1,0,1,1.1,3,3552.111716,"$24,575.00","$20,375.00",1197234,766956,357,5658,$49.77
570,*,Los Angeles         CA,*,Tucson              AZ,1,0,0,1,0,1,0,1,1.05,1,3098.735869,"$24,706.00","$20,375.00",9056076,766956,447,12808,$49.02
571,*,San Diego           CA,*,Tucson              AZ,1,0,0,1,0,1,0,1,1.17,3,6167.001991,"$23,903.00","$20,375.00",2673620,766956,358,4307,$54.96
572,*,Dallas/Fort Worth   TX,*,Tulsa               OK,1,0,0,1,0,1,0,1,1,3,4601.963478,"$28,637.00","$22,956.00",3036732,754013,239,11479,$64.97
573,*,Houston             TX,*,Tulsa               OK,1,0,0,1,0,1,0,1,1.07,3,4959.214633,"$27,211.00","$22,956.00",3770125,754013,444,7782,$100.36
574,*,Albuquerque         NM,IAD,Washington          DC,1,0,1,0,0,1,0,1,1.89,3,2225.743272,"$22,089.00","$31,981.00",668159,4549784,1643,3740,$215.57
575,*,Albuquerque         NM,DCA,Washington          DC,1,0,1,0,1,0,0,1,1.89,3,2225.743272,"$22,089.00","$31,981.00",668159,4549784,1643,3740,$215.57
576,*,Atlanta             GA,IAD,Washington          DC,1,0,1,0,0,1,0,1,1.12,3,6334.031869,"$26,993.00","$31,981.00",3532657,4549784,539,23531,$166.67
577,*,Atlanta             GA,DCA,Washington          DC,1,0,1,0,1,0,0,1,1.12,3,6334.031869,"$26,993.00","$31,981.00",3532657,4549784,539,23531,$166.67
578,*,Boston              MA,IAD,Washington          DC,1,0,1,0,0,1,0,1,1.04,3,5483.285337,"$30,124.00","$31,981.00",5787293,4549784,400,37715,$132.79
579,*,Boston              MA,DCA,Washington          DC,1,0,1,0,1,0,0,1,1.04,3,5483.285337,"$30,124.00","$31,981.00",5787293,4549784,400,37715,$132.79
580,ORD,Chicago             IL,IAD,Washington          DC,1,0,1,0,1,0,0,1,1.09,3,5560.734403,"$29,260.00","$31,981.00",7830332,4549784,591,27713,$145.61
581,ORD,Chicago             IL,DCA,Washington          DC,1,0,1,0,1,0,0,1,1.09,3,5560.734403,"$29,260.00","$31,981.00",7830332,4549784,591,27713,$145.61
582,MDW,Chicago             IL,IAD,Washington          DC,1,0,1,0,0,1,0,1,1.09,3,5560.734403,"$29,260.00","$31,981.00",7830332,4549784,591,27713,$145.61
583,MDW,Chicago             IL,DCA,Washington          DC,1,0,1,0,1,0,0,1,1.09,3,5560.734403,"$29,260.00","$31,981.00",7830332,4549784,591,27713,$145.61
584,*,Columbus            OH,IAD,Washington          DC,1,0,1,0,0,1,0,1,1.07,3,3289.858392,"$24,502.00","$31,981.00",125722,4549784,310,6583,$100.95
585,*,Columbus            OH,DCA,Washington          DC,1,0,1,0,1,0,0,1,1.07,3,3289.858392,"$24,502.00","$31,981.00",125722,4549784,310,6583,$100.95
586,*,Dallas/Fort Worth   TX,IAD,Washington          DC,1,0,1,0,0,1,0,1,1.16,3,6460.840581,"$28,637.00","$31,981.00",3036732,4549784,1185,14398,$256.86
587,*,Dallas/Fort Worth   TX,DCA,Washington          DC,1,0,1,0,1,0,0,1,1.16,3,6460.840581,"$28,637.00","$31,981.00",3036732,4549784,1185,14398,$256.86
588,*,Denver              CO,IAD,Washington          DC,1,0,1,0,0,1,0,1,1.33,3,7046.984713,"$29,055.00","$31,981.00",1862106,4549784,1470,12410,$240.48
589,*,Denver              CO,DCA,Washington          DC,1,0,1,0,1,0,0,1,1.33,3,7046.984713,"$29,055.00","$31,981.00",1862106,4549784,1470,12410,$240.48
590,*,Detroit             MI,IAD,Washington          DC,1,0,1,0,0,1,1,0,1.08,3,8369.876471,"$26,506.00","$31,981.00",4459144,4549784,391,7833,$205.96
591,*,Detroit             MI,DCA,Washington          DC,1,0,1,0,1,0,1,0,1.08,3,8369.876471,"$26,506.00","$31,981.00",4459144,4549784,391,7833,$205.96
592,*,Fort Lauderdale     FL,IAD,Washington          DC,0,1,1,0,0,1,0,1,1.31,3,5433.174481,"$26,752.00","$31,981.00",1440377,4549784,896,5935,$127.67
593,*,Fort Lauderdale     FL,DCA,Washington          DC,0,1,1,0,1,0,0,1,1.31,3,5433.174481,"$26,752.00","$31,981.00",1440377,4549784,896,5935,$127.67
594,*,Hartford            CT,IAD,Washington          DC,1,0,1,0,0,1,0,1,1.04,0,5796.375386,"$30,268.00","$31,981.00",1106780,4549784,315,7688,$117.35
595,*,Hartford            CT,DCA,Washington          DC,1,0,1,0,1,0,0,1,1.04,3,5796.375386,"$30,268.00","$31,981.00",1106780,4549784,315,7688,$117.35
596,*,Houston             TX,IAD,Washington          DC,1,0,1,0,0,1,0,1,1.36,3,4641.264413,"$27,211.00","$31,981.00",3770125,4549784,1213,4708,$297.20
597,*,Houston             TX,DCA,Washington          DC,1,0,1,0,1,0,0,1,1.36,3,4641.264413,"$27,211.00","$31,981.00",3770125,4549784,1213,4708,$297.20
598,*,Kansas City         MO,IAD,Washington          DC,1,0,1,0,0,1,0,1,1.42,3,4221.561937,"$25,450.00","$31,981.00",1694803,4549784,935,5252,$182.56
599,*,Kansas City         MO,DCA,Washington          DC,1,0,1,0,1,0,0,1,1.42,3,4221.561937,"$25,450.00","$31,981.00",1694803,4549784,935,5252,$182.56
600,*,Los Angeles         CA,IAD,Washington          DC,1,0,1,0,0,1,0,1,1.33,3,3680.599249,"$24,706.00","$31,981.00",9056076,4549784,2300,20007,$303.82
601,*,Los Angeles         CA,DCA,Washington          DC,1,0,1,0,1,0,0,1,1.33,3,3680.599249,"$24,706.00","$31,981.00",9056076,4549784,2300,20007,$303.82
602,*,Miami               FL,IAD,Washington          DC,0,1,1,0,0,1,0,1,1.15,3,5121.242128,"$21,207.00","$31,981.00",2105604,4549784,924,9176,$147.80
603,*,Miami               FL,DCA,Washington          DC,0,1,1,0,1,0,0,1,1.15,3,5121.242128,"$21,207.00","$31,981.00",2105604,4549784,924,9176,$147.80
604,*,Minneapolis/St Paul MN,IAD,Washington          DC,1,0,1,0,0,1,1,0,1.19,3,7968.627569,"$28,739.00","$31,981.00",2761118,4549784,916,8215,$235.10
605,*,Minneapolis/St Paul MN,DCA,Washington          DC,1,0,1,0,1,0,1,0,1.19,3,7968.627569,"$28,739.00","$31,981.00",2761118,4549784,916,8215,$235.10
606,*,New Orleans         LA,IAD,Washington          DC,1,0,1,0,0,1,0,1,1.46,3,2946.226419,"$22,038.00","$31,981.00",1308499,4549784,956,6208,$164.30
607,*,New Orleans         LA,DCA,Washington          DC,1,0,1,0,1,0,0,1,1.46,3,2946.226419,"$22,038.00","$31,981.00",1308499,4549784,956,6208,$164.30
608,JFK,New York/Newark     NY,IAD,Washington          DC,1,0,1,0,1,0,0,1,1,3,2487.888451,"$32,991.00","$31,981.00",8621121,4549784,217,63690,$114.35
609,JFK,New York/Newark     NY,DCA,Washington          DC,1,0,1,0,1,0,0,1,1,3,2487.888451,"$32,991.00","$31,981.00",8621121,4549784,217,63690,$114.35
610,LGA,New York/Newark     NY,IAD,Washington          DC,1,0,1,0,1,0,0,1,1,1,2487.888451,"$32,991.00","$31,981.00",8621121,4549784,217,63690,$114.35
611,LGA,New York/Newark     NY,DCA,Washington          DC,1,0,1,0,1,0,0,1,1,3,2487.888451,"$32,991.00","$31,981.00",8621121,4549784,217,63690,$114.35
612,EWR,New York/Newark     NY,IAD,Washington          DC,1,0,1,0,0,1,1,0,1,3,2487.888451,"$32,991.00","$31,981.00",8621121,4549784,217,63690,$114.35
613,EWR,New York/Newark     NY,DCA,Washington          DC,1,0,1,0,1,0,1,0,1,3,2487.888451,"$32,991.00","$31,981.00",8621121,4549784,217,63690,$114.35
614,*,Orlando             FL,IAD,Washington          DC,0,1,1,0,0,1,0,1,1.15,1,3081.344112,"$22,360.00","$31,981.00",1421287,4549784,760,14683,$125.80
615,*,Orlando             FL,DCA,Washington          DC,0,1,1,0,1,0,0,1,1.15,3,3081.344112,"$22,360.00","$31,981.00",1421287,4549784,760,14683,$125.80
616,*,Phoenix             AZ,IAD,Washington          DC,1,0,1,0,0,1,0,1,1.58,3,2295.226844,"$23,025.00","$31,981.00",2753373,4549784,1970,5190,$279.83
617,*,Phoenix             AZ,DCA,Washington          DC,1,0,1,0,1,0,0,1,1.58,3,2295.226844,"$23,025.00","$31,981.00",2753373,4549784,1970,5190,$279.83
618,*,San Diego           CA,IAD,Washington          DC,1,0,1,0,0,1,0,1,1.57,3,3329.810188,"$23,903.00","$31,981.00",2673620,4549784,2259,6724,$273.83
619,*,San Diego           CA,DCA,Washington          DC,1,0,1,0,1,0,0,1,1.57,3,3329.810188,"$23,903.00","$31,981.00",2673620,4549784,2259,6724,$273.83
620,*,San Francisco       CA,IAD,Washington          DC,1,0,1,0,0,1,0,1,1.37,3,6865.767169,"$38,813.00","$31,981.00",1653017,4549784,2428,17938,$347.82
621,*,San Francisco       CA,DCA,Washington          DC,1,0,1,0,1,0,0,1,1.37,3,6865.767169,"$38,813.00","$31,981.00",1653017,4549784,2428,17938,$347.82
622,*,Seattle/Tacoma      WA,IAD,Washington          DC,1,0,1,0,0,1,0,1,1.55,3,4358.510328,"$30,916.00","$31,981.00",2230831,4549784,2317,7614,$281.06
623,*,Seattle/Tacoma      WA,DCA,Washington          DC,1,0,1,0,1,0,0,1,1.55,3,4358.510328,"$30,916.00","$31,981.00",2230831,4549784,2317,7614,$281.06
624,*,St Louis            MO,IAD,Washington          DC,1,0,1,0,0,1,0,1,1.14,3,8117.122195,"$25,824.00","$31,981.00",2549844,4549784,699,4957,$258.37
625,*,St Louis            MO,DCA,Washington          DC,1,0,1,0,1,0,0,1,1.14,3,8117.122195,"$25,824.00","$31,981.00",2549844,4549784,699,4957,$258.37
626,*,Tampa               FL,IAD,Washington          DC,0,1,1,0,0,1,0,1,1.24,3,4580.051067,"$23,654.00","$31,981.00",2195215,4549784,815,8413,$132.94
627,*,Tampa               FL,DCA,Washington          DC,0,1,1,0,1,0,0,1,1.24,3,4580.051067,"$23,654.00","$31,981.00",2195215,4549784,815,8413,$132.94
628,*,Atlanta             GA,*,West Palm Beach     FL,0,1,1,0,0,1,0,1,1.01,3,6017.655946,"$26,993.00","$37,375.00",3532657,991717,546,7788,$104.11
629,*,Boston              MA,*,West Palm Beach     FL,0,1,1,0,0,1,0,1,1.32,3,4771.662758,"$30,124.00","$37,375.00",5787293,991717,1193,8170,$127.83
630,ORD,Chicago             IL,*,West Palm Beach     FL,0,1,1,0,1,0,0,1,1.26,3,2040.420728,"$29,260.00","$37,375.00",7830332,991717,1134,5449,$145.53
631,MDW,Chicago             IL,*,West Palm Beach     FL,0,1,1,0,0,1,0,1,1.26,3,2040.420728,"$29,260.00","$37,375.00",7830332,991717,1134,5449,$145.53
632,*,Hartford            CT,*,West Palm Beach     FL,0,1,1,0,0,1,0,1,1.36,3,3951.549733,"$30,268.00","$37,375.00",1106780,991717,1125,5243,$130.15
633,JFK,New York/Newark     NY,*,West Palm Beach     FL,0,1,1,0,1,0,0,1,1.08,3,2216.695084,"$32,991.00","$37,375.00",8621121,991717,1030,34324,$129.63
634,LGA,New York/Newark     NY,*,West Palm Beach     FL,0,1,1,0,1,0,0,1,1.08,3,2216.695084,"$32,991.00","$37,375.00",8621121,991717,1030,34324,$129.63
635,EWR,New York/Newark     NY,*,West Palm Beach     FL,0,1,1,0,0,1,1,0,1.08,0,2216.695084,"$32,991.00","$37,375.00",8621121,991717,1030,34324,$129.63
636,*,Philadelphia/Camden PA,*,West Palm Beach     FL,0,1,1,0,0,1,0,1,1.17,3,6797.800465,"$27,994.00","$37,375.00",4948339,991717,960,6016,$124.87
637,IAD,Washington          DC,*,West Palm Beach     FL,0,1,1,0,0,1,0,1,1.28,3,5566.426744,"$31,981.00","$37,375.00",4549784,991717,858,4877,$129.62
638,DCA,Washington          DC,*,West Palm Beach     FL,0,1,1,0,1,0,0,1,1.28,3,5566.426744,"$31,981.00","$37,375.00",4549784,991717,858,4877,$129.62
